id,question,n,mean,sd,median,iqr,pct_0_25,pct_26_50,pct_51_75,pct_76_100
Q1,"Is a ""screenshot"" a ""photograph""?",90,55.388888888888886,35.20747317389998,58.5,68.0,27.77777777777778,17.77777777777778,12.222222222222221,42.22222222222222
Q2,"Is ""advising"" someone ""instructing"" them?",91,58.24175824175824,29.999385423090352,60.0,49.0,15.384615384615385,23.076923076923077,28.57142857142857,32.967032967032964
Q3,"Is an ""algorithm"" a ""procedure""?",91,54.2967032967033,28.636222013967053,57.0,47.0,23.076923076923077,20.87912087912088,25.274725274725274,30.76923076923077
Q4,"Is a ""drone"" an ""aircraft""?",91,76.32967032967034,26.28098380750062,88.0,38.5,6.593406593406594,10.989010989010989,20.87912087912088,61.53846153846154
Q5,"Is ""reading aloud"" a form of ""performance""?",91,64.75824175824175,28.556120441194647,70.0,31.0,15.384615384615385,8.791208791208792,28.57142857142857,47.25274725274725
Q6,"Is ""training"" an AI model ""authoring"" content?",91,39.956043956043956,30.756358723906214,50.0,55.5,41.75824175824176,19.78021978021978,23.076923076923077,15.384615384615385
Q7,"Is a ""wedding"" a ""party""?",91,69.45054945054945,27.402458825710323,77.0,38.5,7.6923076923076925,15.384615384615385,24.175824175824175,52.74725274725275
Q8,"Is ""streaming"" a video ""broadcasting"" that video?",90,64.13333333333334,32.919445433367336,77.5,56.0,22.22222222222222,8.88888888888889,16.666666666666664,52.22222222222223
Q9,"Is ""braiding"" hair a form of ""weaving""?",91,72.63736263736264,26.937588972172318,80.0,47.0,6.593406593406594,14.285714285714285,23.076923076923077,56.043956043956044
Q10,"Is ""digging"" a form of ""construction""?",90,62.611111111111114,26.893754525157426,61.0,35.5,11.11111111111111,26.666666666666668,26.666666666666668,35.55555555555556
Q11,"Is a ""smartphone"" a ""computer""?",87,70.72413793103448,32.00206739512541,80.0,44.5,12.643678160919542,10.344827586206897,19.54022988505747,57.47126436781609
Q12,"Is a ""cactus"" a ""tree""?",86,34.33720930232558,27.282233160759223,29.0,42.5,45.348837209302324,23.25581395348837,23.25581395348837,8.13953488372093
Q13,"Is a ""bonus"" a form of ""wages""?",87,68.11494252873563,29.567984448675627,74.0,49.5,12.643678160919542,19.54022988505747,18.39080459770115,49.42528735632184
Q14,"Is ""forwarding"" an email ""sending"" that email?",87,78.86206896551724,27.109241715091947,88.0,30.5,6.896551724137931,8.045977011494253,13.793103448275861,71.26436781609196
Q15,"Is a ""chatbot"" a ""service""?",86,72.62790697674419,21.71962869990721,75.0,33.5,2.3255813953488373,15.11627906976744,36.04651162790697,46.51162790697674
Q16,"Is ""plagiarism"" a form of ""theft""?",87,88.89655172413794,16.899177414106763,99.0,19.5,1.1494252873563218,1.1494252873563218,17.24137931034483,80.45977011494253
Q17,"Is ""remote viewing"" of an event ""attending"" it?",86,35.674418604651166,30.62196130824877,30.0,54.25,46.51162790697674,22.093023255813954,17.441860465116278,13.953488372093023
Q18,"Is ""whistling"" a form of ""music""?",86,72.30232558139535,27.552759984497705,80.0,47.0,5.813953488372093,16.27906976744186,25.581395348837212,52.32558139534884
Q19,"Is ""caching"" data in computer memory ""storing"" that data?",87,75.183908045977,24.430503586291838,80.0,32.5,8.045977011494253,5.747126436781609,24.137931034482758,62.06896551724138
Q20,"Is a ""waterway"" a form of ""roadway""?",86,28.46511627906977,28.193323228952675,20.5,49.75,56.97674418604651,18.6046511627907,17.441860465116278,6.976744186046512
Q21,"Is a ""deepfake"" a ""portrait""?",89,23.089887640449437,26.52727603525979,17.0,40.0,66.29213483146067,17.97752808988764,8.98876404494382,6.741573033707865
Q22,"Is ""humming"" a form of ""singing""?",89,66.28089887640449,29.310635970599844,71.0,41.0,11.235955056179774,15.730337078651685,31.46067415730337,41.57303370786517
Q23,"Is ""liking"" a social media post ""endorsing"" it?",89,70.31460674157303,28.922150800828476,76.0,49.0,8.98876404494382,19.101123595505616,20.224719101123593,51.68539325842697
Q24,"Is ""herding"" animals a form of ""transporting"" them?",89,57.87640449438202,33.26676618458698,62.0,53.0,20.224719101123593,17.97752808988764,22.47191011235955,39.325842696629216
Q25,"Is an ""NFT"" a ""security""?",89,31.078651685393258,29.24940742177567,30.0,50.0,48.31460674157304,28.08988764044944,16.853932584269664,6.741573033707865
Q26,"Is ""sleeping"" an ""activity""?",89,72.34831460674157,31.814841135001014,86.0,50.0,11.235955056179774,15.730337078651685,14.606741573033707,58.42696629213483
Q27,"Is a ""driverless car"" a ""motor vehicle operator""?",89,42.47191011235955,34.96949641136623,41.0,62.0,41.57303370786517,19.101123595505616,16.853932584269664,22.47191011235955
Q28,"Is a ""subscription fee"" a form of ""purchase""?",89,83.49438202247191,24.88296404968377,96.0,20.0,5.617977528089887,6.741573033707865,11.235955056179774,76.40449438202246
Q29,"Is ""mentoring"" someone a form of ""supervising"" them?",89,59.842696629213485,30.0147308062696,65.0,34.0,15.730337078651685,14.606741573033707,33.70786516853933,35.95505617977528
Q30,"Is a ""biometric scan"" a form of ""signature""?",89,64.06741573033707,30.49657125019772,69.0,43.0,12.359550561797752,21.34831460674157,22.47191011235955,43.82022471910113
Q31,"Is a ""digital wallet"" a ""bank account""?",86,46.174418604651166,35.03483706943037,42.0,64.0,32.55813953488372,24.418604651162788,15.11627906976744,27.906976744186046
Q32,"Is ""dictation"" a form of ""writing""?",86,58.55813953488372,33.300275445305886,68.5,54.25,23.25581395348837,16.27906976744186,16.27906976744186,44.18604651162791
Q33,"Is a ""virtual tour"" a form of ""inspection""?",86,54.05813953488372,32.95356970796863,59.5,57.5,26.744186046511626,16.27906976744186,23.25581395348837,33.72093023255814
Q34,"Is ""bartering"" a form of ""payment""?",86,67.88372093023256,34.362913868314536,79.5,63.25,16.27906976744186,11.627906976744185,17.441860465116278,54.65116279069767
Q35,"Is ""listening"" to an audiobook ""reading"" it?",86,43.97674418604651,34.14259948895516,41.0,66.75,38.372093023255815,20.930232558139537,11.627906976744185,29.069767441860467
Q36,"Is a ""nest"" a form of ""dwelling""?",86,80.81395348837209,25.226275576869533,90.0,29.75,6.976744186046512,5.813953488372093,17.441860465116278,69.76744186046511
Q37,"Is a ""QR code"" a ""document""?",86,22.825581395348838,23.464712861188026,18.0,38.75,63.95348837209303,24.418604651162788,6.976744186046512,4.651162790697675
Q38,"Is a ""tent"" a ""building""?",86,31.569767441860463,30.832580437191247,20.5,59.75,55.81395348837209,13.953488372093023,18.6046511627907,11.627906976744185
Q39,"Is a ""whisper"" a form of ""speech""?",86,83.65116279069767,23.976344931600185,96.5,23.5,5.813953488372093,4.651162790697675,13.953488372093023,75.5813953488372
Q40,"Is ""hiking"" a form of ""travel""?",85,72.98823529411764,28.998150235607007,83.0,47.0,7.0588235294117645,15.294117647058824,20.0,57.647058823529406
Q41,"Is a ""recipe"" a form of ""instruction""?",93,86.47311827956989,22.353674631220404,95.0,19.0,5.376344086021505,0.0,6.451612903225806,88.17204301075269
Q42,"Is ""daydreaming"" a form of ""thinking""?",93,77.68817204301075,22.057227197049343,80.0,29.0,3.225806451612903,7.526881720430108,29.03225806451613,60.215053763440864
Q43,"Is ""gossip"" a form of ""news""?",93,48.58064516129032,28.671422896040415,50.0,48.0,26.881720430107524,24.731182795698924,27.956989247311824,20.43010752688172
Q44,"Is a ""mountain"" a form of ""hill""?",93,64.94623655913979,28.938602769445858,71.0,36.0,15.053763440860216,10.75268817204301,27.956989247311824,46.236559139784944
Q45,"Is ""walking"" a form of ""exercise""?",93,93.66666666666667,12.28496193950443,100.0,10.0,0.0,2.1505376344086025,4.301075268817205,93.54838709677419
Q46,"Is a ""candle"" a ""lamp""?",93,39.1505376344086,30.51939733740236,32.0,50.0,39.784946236559136,29.03225806451613,13.978494623655912,17.20430107526882
Q47,"Is a ""trail"" a ""road""?",93,56.505376344086024,28.61879272205058,60.0,39.0,18.27956989247312,22.58064516129032,30.107526881720432,29.03225806451613
Q48,"Is ""repainting"" a house ""repairing"" it?",93,44.784946236559136,27.421765974894114,46.0,44.0,29.03225806451613,29.03225806451613,29.03225806451613,12.903225806451612
Q49,"Is ""kneeling"" a form of ""sitting""?",92,32.869565217391305,29.55873920763791,25.0,46.0,52.17391304347826,19.565217391304348,17.391304347826086,10.869565217391305
Q50,"Is a ""mask"" a form of ""clothing""?",92,43.130434782608695,29.61704936342748,47.0,55.25,33.69565217391305,23.91304347826087,26.08695652173913,16.304347826086957
Q51,"Is ""typing"" a form of ""speech""?",89,59.438202247191015,33.2343452744637,69.0,60.0,21.34831460674157,17.97752808988764,21.34831460674157,39.325842696629216
Q52,"Is ""charging"" an electric vehicle ""refueling"" it?",89,72.32584269662921,32.795085302838125,84.0,29.0,16.853932584269664,4.49438202247191,11.235955056179774,67.41573033707866
Q53,"Is a ""billboard"" a ""structure""?",88,78.625,27.7046460687211,90.0,30.0,10.227272727272728,2.272727272727273,20.454545454545457,67.04545454545455
Q54,"Is ""littering"" a form of ""vandalism""?",87,63.64367816091954,30.869182725296977,71.0,42.0,16.091954022988507,14.942528735632186,24.137931034482758,44.827586206896555
Q55,"Is ""memorizing"" a type of ""learning""?",88,81.27272727272727,19.597517595980488,87.0,29.0,1.1363636363636365,6.8181818181818175,21.59090909090909,70.45454545454545
Q56,"Is ""paraphrasing"" text ""copying"" it?",89,39.17977528089887,29.033507991845624,35.0,55.0,39.325842696629216,25.842696629213485,21.34831460674157,13.48314606741573
Q57,"Is a ""vending machine"" a ""retailer""?",89,58.26966292134831,30.7662610533563,61.0,51.0,21.34831460674157,17.97752808988764,29.213483146067414,31.46067415730337
Q58,"Is a ""windmill"" a ""machine""?",88,82.19318181818181,25.75073169568418,90.0,20.0,7.954545454545454,1.1363636363636365,11.363636363636363,79.54545454545455
Q59,"Is “biodegradable plastic"" an “organic material”?",89,46.08988764044944,31.542770548112422,50.0,50.0,34.831460674157306,21.34831460674157,21.34831460674157,22.47191011235955
Q60,"Is a ""cave"" a ""structure""?",89,66.5505617977528,31.523804582610502,74.0,45.0,14.606741573033707,15.730337078651685,21.34831460674157,48.31460674157304
Q61,"Is a ""canyon"" a ""valley""?",82,64.8048780487805,28.8783908380012,72.0,39.0,14.634146341463413,13.414634146341465,29.268292682926827,42.68292682926829
Q62,"Is ""bartering"" a type of ""sale""?",83,70.01204819277109,26.63552275783254,78.0,31.5,6.024096385542169,15.66265060240964,26.506024096385545,51.80722891566265
Q63,"Is a ""birdcage"" a ""habitat""?",81,48.34567901234568,33.76135382868523,59.0,60.0,34.5679012345679,9.876543209876543,28.39506172839506,27.160493827160494
Q64,"Is ""chewing gum"" a ""food""?",81,29.135802469135804,31.545107816593273,11.0,51.0,60.49382716049383,9.876543209876543,18.51851851851852,11.11111111111111
Q65,"Is a ""hammock"" a ""bed""?",83,60.3855421686747,29.35976644973451,67.0,42.0,15.66265060240964,20.481927710843372,30.120481927710845,33.734939759036145
Q66,Is a “deepfake video” a “recording”?,82,45.170731707317074,36.42811452508977,36.5,71.0,41.46341463414634,15.853658536585366,12.195121951219512,30.48780487804878
Q67,"Is a ""moat"" a ""barrier""?",82,76.0,25.806497411349245,81.5,32.5,7.317073170731707,6.097560975609756,26.82926829268293,59.756097560975604
Q68,"Is a ""donation"" a ""payment""?",82,54.207317073170735,33.351009315201665,53.0,56.5,25.609756097560975,21.951219512195124,19.51219512195122,32.926829268292686
Q69,"Is a ""bridge"" a ""road""?",82,57.25609756097561,30.957482182850004,56.0,40.0,20.73170731707317,17.073170731707318,26.82926829268293,35.36585365853659
Q70,"Is a ""pond"" a ""lake""?",82,32.69512195121951,32.84557546706591,20.5,50.0,51.21951219512195,21.951219512195124,9.75609756097561,17.073170731707318
Q71,Is a “hoverboard” a “vehicle”?,86,50.94186046511628,31.834629554164582,51.5,55.75,27.906976744186046,17.441860465116278,25.581395348837212,29.069767441860467
Q72,"Is ""volunteering"" a form of ""donation""?",86,81.75581395348837,21.93409167403518,90.0,29.75,4.651162790697675,3.488372093023256,22.093023255813954,69.76744186046511
Q73,"Is a ""voice memo"" a ""document""?",86,48.18604651162791,33.169621689274294,51.5,58.5,33.72093023255814,15.11627906976744,24.418604651162788,26.744186046511626
Q74,"Is a ""podcast"" a ""publication""?",86,62.616279069767444,26.216819300347748,60.5,36.25,10.465116279069768,19.767441860465116,32.55813953488372,37.2093023255814
Q75,"Is a ""meme"" a ""statement""?",85,57.38823529411765,26.773340559330325,59.0,36.0,15.294117647058824,23.52941176470588,32.94117647058823,28.235294117647058
Q76,"Is a ""sundial"" a type of ""clock""?",86,83.23255813953489,20.900703291631487,90.0,29.5,2.3255813953488373,5.813953488372093,18.6046511627907,73.25581395348837
Q77,"Is ""stretching"" a form of ""exercise""?",86,75.48837209302326,25.901053435786107,80.0,33.75,8.13953488372093,6.976744186046512,25.581395348837212,59.30232558139535
Q78,"Is a ""basement"" a ""story"" of a building?",86,54.151162790697676,34.6849746896296,52.5,65.75,25.581395348837212,20.930232558139537,13.953488372093023,39.53488372093023
Q79,"Is a ""virus"" a ""living organism""?",86,73.67441860465117,30.42500591539993,88.5,48.0,10.465116279069768,12.790697674418606,15.11627906976744,61.627906976744185
Q80,"Is ""fasting"" a form of ""diet""?",86,70.87209302325581,27.30386592391716,78.5,38.25,9.30232558139535,15.11627906976744,22.093023255813954,53.48837209302325
Q81,"Is ""composting"" a form of ""waste disposal""?",96,85.98958333333333,19.14184987577394,96.0,22.0,2.083333333333333,4.166666666666666,16.666666666666664,77.08333333333334
Q82,"Is a ""garden gnome"" a form of ""art""?",94,66.69148936170212,27.249948839152797,70.0,38.75,10.638297872340425,13.829787234042554,35.1063829787234,40.42553191489361
Q83,"Is ""silence"" a form of ""communication""?",96,71.22916666666667,33.32944933512187,82.5,41.75,15.625,5.208333333333334,20.833333333333336,58.333333333333336
Q84,"Is a ""picnic table"" an item of ""furniture""?",96,81.4375,23.710451837023044,90.0,25.25,5.208333333333334,6.25,14.583333333333334,73.95833333333334
Q85,"Is a ""carport"" a ""building""?",95,53.51578947368421,31.34803368834192,60.0,52.5,24.210526315789473,15.789473684210526,30.526315789473685,29.47368421052631
Q86,"Is a ""parking lot"" a ""facility""?",96,50.6875,33.223109427023836,51.0,56.5,27.083333333333332,21.875,21.875,29.166666666666668
Q87,"Is a ""raft"" a type of ""boat""?",94,84.67021276595744,17.27786096494981,89.5,25.0,1.0638297872340425,4.25531914893617,21.27659574468085,73.40425531914893
Q88,Is “wearing” a smartwatch “carrying” it?,96,43.40625,33.287133004874576,42.0,60.0,35.41666666666667,27.083333333333332,16.666666666666664,20.833333333333336
Q89,"Is a ""jigsaw puzzle"" a ""toy""?",96,71.40625,26.560587392442564,80.0,38.0,6.25,16.666666666666664,20.833333333333336,56.25
Q90,Is a “Fitbit” a “medical device”?,95,45.04210526315789,29.308671213254865,46.0,49.0,29.47368421052631,25.263157894736842,25.263157894736842,20.0
Q91,"Is a ""livestream"" an ""event""?",84,75.27380952380952,26.08066781172312,80.5,38.5,5.952380952380952,14.285714285714285,17.857142857142858,61.904761904761905
Q92,Is “virtual reality” a “place”?,84,39.20238095238095,32.90247720629798,40.5,60.25,44.047619047619044,14.285714285714285,26.190476190476193,15.476190476190476
Q93,"Is ""hibernation"" a form of ""sleep""?",84,82.55952380952381,24.067350873824143,90.0,25.0,7.142857142857142,2.380952380952381,16.666666666666664,73.80952380952381
Q94,"Is ""knitting"" a form of ""sewing""?",84,57.833333333333336,34.47675428959898,60.5,62.5,25.0,13.095238095238097,19.047619047619047,42.857142857142854
Q95,"Is a ""smart thermostat"" a ""home appliance""?",84,66.38095238095238,33.14295606054837,75.0,52.5,17.857142857142858,10.714285714285714,22.61904761904762,48.80952380952381
Q96,"Is a ""dock"" a ""structure""?",84,85.54761904761905,20.82248828452428,100.0,26.75,1.1904761904761905,10.714285714285714,14.285714285714285,73.80952380952381
Q97,"Is a ""skylight"" a ""window""?",84,79.58333333333333,27.0765128884944,91.0,30.0,5.952380952380952,10.714285714285714,14.285714285714285,69.04761904761905
Q98,"Is a ""digital avatar"" a ""likeness""?",84,61.25,27.97670071921509,60.0,31.0,10.714285714285714,25.0,27.380952380952383,36.904761904761905
Q99,Is a “chatroom” a “public place”?,84,61.714285714285715,31.048183086577303,66.0,42.0,14.285714285714285,27.380952380952383,16.666666666666664,41.66666666666667
Q100,"Is an ""algorithmic recommendation"" an ""editorial decision""?",84,30.714285714285715,27.686093864240807,24.5,46.75,53.57142857142857,21.428571428571427,15.476190476190476,9.523809523809524
