row_index,response_text,topk_valid_confidence_mass,error_bound,weighted_confidence,top_values
5,10,0.999997251301078,0.00027486989220282254,15.027606387082791,10 20 15 25 30 5 12 18 35 23 17 22 13 14 8 40 7 24 21 0
0,30,0.9999873754257925,0.001262457420747598,32.703528541675084,30 40 35 20 25 45 60 15 50 65 55 10 70 42 32 37 27 23 38 22
4,10,0.9999930146855858,0.000698531441423178,12.4607165302448,10 20 15 5 30 25 0 35 40 12 8 18 7 17 13 23 22 14 3 2
6,10,0.9999999931765648,6.823435150238311e-07,9.734764074807984,10 5 15 20 0 25 30 2 3 12 8 7 5 18 13 17 14 6 1 4
1,10,0.9999998751691148,1.2483088518422392e-05,10.32783393726287,10 20 15 5 0 25 30 12 8 5 7 18 13 17 2 3 14 35 23 22
2,10,0.9999997965141171,2.034858829214059e-05,10.218044059727132,10 20 5 15 0 25 12 30 8 7 3 2 18 13 17 14 23 22 4 6
3,30,0.999982960674223,0.0017039325777012948,31.176485189164765,30 40 20 25 35 60 70 10 15 50 80 45 65 75 0 55 85 90 5 100
7,20,0.99999978562597,2.1437402997204202e-05,25.08369964229964,20 30 40 10 25 15 35 50 45 60 5 70 0 55 65 12 22 32 23 80
10,30,0.9999998641388909,1.3586110914065586e-05,26.960966890149273,30 20 40 25 10 35 15 60 50 45 70 65 5 55 0 32 23 27 80 42
9,40,0.9999962754045877,0.0003724595412313292,36.03477063505527,40 30 60 20 50 35 25 70 45 65 10 55 15 75 80 42 0 37 32 27
14,40,0.9999988879863745,0.00011120136255149404,35.107103890867165,40 30 35 20 25 50 45 60 15 55 10 65 42 32 37 70 38 27 43 34
8,20,0.9999674175387895,0.0032582461210517444,37.86435771010514,20 90 15 30 85 25 80 10 95 35 40 75 70 92 60 65 45 100 5 12
15,60,0.9999905574991962,0.0009442500803813481,52.83919960862222,60 40 65 70 30 50 35 45 55 75 20 25 80 15 42 62 72 85 67 68
12,30,0.9999949642238498,0.0005035776150186244,33.198846322628675,30 40 35 20 25 45 50 15 60 32 10 42 37 55 38 27 34 23 33 28
11,40,0.9999160973318146,0.008390266818536496,35.96452247536072,40 30 35 45 25 20 50 60 42 37 55 38 32 27 65 34 43 15 47 33
18,40,0.9999959343486896,0.0004065651310392049,37.69261698774586,40 30 50 35 20 25 45 60 55 65 15 10 70 42 37 38 32 33 43 34
17,30,0.9999999232478546,7.675214541702502e-06,34.49688236657487,30 40 50 20 35 25 45 60 15 10 55 0 65 42 70 37 32 38 27 33
13,50,0.999999689555392,3.104446080204326e-05,39.55239031891704,50 30 40 20 35 25 45 15 10 0 60 55 5 42 37 38 32 33 23 65
19,50,0.9999159869390041,0.008401306099592443,51.28506210643016,50 60 40 70 30 0 65 80 35 20 45 75 25 55 85 15 10
16,30,0.9999995162273909,4.8377260908338826e-05,32.23066324979214,30 40 20 35 25 50 45 15 10 60 55 65 42 32 37 0 70 27 23 38
21,20,0.99999932827144,6.71728559997753e-05,23.121760513580952,20 30 10 25 40 15 35 0 45 50 5 60 70 23 27 22 18 32 80 12
20,10,0.9999999021484518,9.785154819752506e-06,9.910419475500715,10 5 15 20 0 12 8 7 3 2 25 13 18 30 17 14 6 9 4 11
22,10,0.9999992836789013,7.163210986593782e-05,9.19891518141277,10 5 0 15 20 2 3 12 8 25 7 30 4 13 18 6 1 14 17 9
23,20,0.9999941216724613,0.0005878327538733075,16.873066450336534,20 10 15 30 25 5 40 35 12 0 18 17 23 22 13 14 8 24 7 27
25,5,1.0000000522210823,0.0,6.937227091653961,5 10 0 2 15 3 20 8 7 1 4 12 6 9 5 13 25 11 14 18
26,10,0.9999996977357213,3.022642787176011e-05,13.64499188925823,10 20 15 25 5 30 12 35 18 40 8 0 7 17 13 14 22 5 90 23
24,10,0.9999995139179713,4.8608202873889894e-05,11.960103648840002,10 20 15 5 25 30 12 18 0 8 35 17 13 7 23 14 22 3 40 16
30,20,0.9999976713812053,0.000232861879467805,18.968073488838844,20 10 30 15 25 40 35 5 0 50 45 60 12 18 23 22 70 17 27 32
28,5,0.999999918955768,8.104423199206678e-06,5.441619857627076,5 10 0 2 3 15 20 1 8 7 12 4 6 9 25 13 5 14 18 30
27,10,0.9999999434389623,5.65610377423198e-06,10.053823726995438,10 5 15 20 12 0 25 8 7 3 30 13 2 18 14 17 9 5 6 11
31,10,0.9999997865943376,2.1340566236371927e-05,11.514761959740618,10 20 15 5 0 25 30 12 35 40 18 2 8 3 13 17 7 23 22 14
34,30,0.9999928076123391,0.0007192387660892585,35.10810422553375,30 40 35 25 20 60 45 50 65 55 70 15 10 75 42 32 37 38 80 27
29,10,0.9999995477235609,4.522764390779699e-05,12.03653741494901,10 20 15 5 30 25 0 35 12 40 8 18 2 3 7 17 13 5 22 14
33,0,0.9999999923050616,7.694938353175473e-07,2.141457131473324,0 5 10 2 3 15 1 8 20 7 4 12 6 9 5 13 25 11 14 18
35,20,0.999997626099222,0.0002373900777952187,17.82189764269375,20 10 30 15 25 5 40 35 0 12 23 18 17 22 45 27 50 14 24 13
32,10,0.9999998756569065,1.2434309348829942e-05,13.911872562721284,10 20 15 30 25 5 35 12 0 40 18 23 17 22 13 8 14 5 7 24
37,10,0.9999994746257654,5.253742345612267e-05,10.861001443681811,10 15 20 5 25 30 12 8 18 7 0 13 17 3 14 2 22 23 5 16
39,0,1.0000001032812715,0.0,0.715510906949354,0 5 10 2 3 1 15 7 8 4 20 12 6 9 5 13 11 14 18 17
40,20,0.9999998097914518,1.9020854824525202e-05,19.397854853346477,20 10 30 15 25 40 35 5 0 23 12 22 45 18 27 17 24 32 28 13
36,10,0.9999998856553599,1.1434464008974743e-05,9.649917686584105,10 5 15 20 0 8 3 12 2 7 25 13 9 18 4 30 6 5 14 1
38,10,0.9999999324123426,6.758765735970229e-06,10.018333084079755,10 5 15 20 0 25 30 12 8 7 3 2 5 13 18 14 17 9 6 4
41,10,0.9999998687889865,1.3121101349877762e-05,13.198233107496478,10 20 15 5 30 25 0 12 35 40 18 8 23 17 22 13 7 14 3 2
42,20,0.9999998867027811,1.1329721893993394e-05,20.867268286392648,20 30 10 15 25 40 35 5 45 23 12 22 18 32 27 24 50 28 17 14
43,10,0.9999999363339436,6.3666056426825435e-06,9.937014942101987,10 5 15 20 0 12 8 7 25 3 2 18 13 30 17 14 6 4 9 11
48,10,0.999999970420844,2.95791560134262e-06,8.640304699787421,10 5 0 15 20 3 2 8 7 12 4 6 1 9 13 5 25 14 18 17
46,20,0.99999806833306,0.00019316669399582764,18.979319140866664,20 10 30 15 25 40 35 5 45 12 0 23 18 50 22 17 27 60 8 13
47,10,0.9999995682069653,4.317930346608989e-05,10.099062401710698,10 5 15 20 0 12 25 8 7 3 30 18 2 13 17 14 6 9 4 22
51,70,0.9999765111807909,0.0023488819209105394,61.00294610399277,70 60 40 65 80 75 30 35 50 45 85 55 20 25 90 72 68 62 67 15
49,40,0.999701074542288,0.029892545771204038,49.45477258862142,40 60 30 70 65 35 45 50 55 75 25 20 80 42 62 72 85 67 15 37
52,10,0.9999998960781238,1.0392187621555138e-05,9.607548993509463,10 5 0 20 15 25 30 2 3 12 8 7 5 1 18 13 4 35 14 17
50,10,0.9999999557645233,4.42354767260511e-06,9.863826075530332,10 5 15 20 0 12 8 7 3 2 25 13 18 6 14 5 17 9 4 30
55,40,0.9995466978724595,0.045330212754046695,48.26272054929977,40 60 30 35 65 70 45 55 50 75 25 20 80 42 62 72 67 68 85 37
45,10,1.0000000142584746,0.0,14.335389496589324,10 20 15 30 5 25 0 40 35 12 18 8 13 23 5 14 17 22 7 2
56,20,0.999999696449253,3.0355074698285023e-05,20.674602074548968,20 30 15 10 25 35 40 5 23 22 18 12 0 27 45 17 28 24 32 13
57,30,0.9999992787454904,7.212545095613976e-05,32.991838642526076,30 40 35 20 25 60 45 50 15 70 55 65 10 32 42 37 75 27 38 80
54,10,0.9999999233049426,7.669505741603189e-06,10.182955546562706,10 20 5 15 0 25 30 12 8 7 3 2 18 13 17 14 5 35 9 23
53,30,0.9999848191687217,0.0015180831278271967,31.93051822415865,30 40 35 20 25 45 15 50 60 10 55 32 27 37 38 23 42 22 28 33
59,30,0.9999992481052224,7.518947775508877e-05,25.43725323236625,30 20 40 10 25 15 35 50 45 5 60 23 24 0 32 22 27 33 28 12
60,10,0.9999999793069685,2.069303151053248e-06,9.098039688227018,10 5 0 15 20 2 3 8 7 12 25 4 6 13 1 9 18 30 14 5
62,10,0.9999999636603621,3.6339637854432283e-06,8.055753277674764,10 5 0 15 20 2 3 5 8 7 1 12 4 9 6 25 13 95 30 14
64,0,0.9999999761271308,2.3872869236996053e-06,2.729128212380387,0 5 10 2 3 15 1 20 8 4 7 5 6 12 9 95 90 25 13 0
63,10,0.9999989401269523,0.0001059873047659643,10.017705211108508,10 5 15 20 0 25 30 12 2 8 3 7 18 13 17 14 4 9 5 6
61,10,1.0000000124666066,0.0,8.982844748061064,10 5 0 15 20 2 3 25 8 7 30 12 1 5 4 13 18 6 17 9
66,0,0.9999998850171279,1.1498287211253455e-05,0.15516205353962162,0 5 2 10 3 1 4 7 8 5 15 6 20 9 12 0 2
65,15,0.9999975314389528,0.0002468561047241913,15.849039294244768,15 20 10 25 30 12 5 18 22 23 17 35 13 14 8 24 7 21 27 16
58,30,0.9999758698463872,0.0024130153612800243,31.527434756610297,30 40 20 35 25 45 15 60 10 50 70 55 65 32 42 23 27 37 22 38
68,10,1.000000012824659,0.0,8.845666003087626,10 5 15 20 3 8 2 7 12 0 4 6 13 9 14 18 1 25 11 17
67,10,0.9999999742796551,2.5720344853930044e-06,9.521760752875698,10 5 15 20 0 2 25 3 8 12 30 7 5 1 13 4 18 9 6 14
69,10,0.9999998020566335,1.9794336647560584e-05,8.74257802013964,10 5 15 20 0 2 3 8 12 7 25 1 30 4 5 9 6 13 18 14
71,10,0.9999999008477114,9.915228860180036e-06,9.53829123967381,10 5 15 20 0 2 3 8 12 7 25 13 30 18 4 6 9 14 1 17
70,10,0.9999997211079833,2.788920167029474e-05,10.205208816514762,10 5 20 15 0 25 30 12 2 3 8 7 18 13 17 35 14 22 23 1
72,10,0.9999997848605906,2.1513940939854592e-05,10.325542689670831,10 15 5 20 25 12 0 30 8 7 3 2 18 13 17 14 5 9 6 16
73,10,0.9999996404097515,3.5959024846654586e-05,10.352985288898216,10 15 5 20 12 25 8 7 0 18 13 30 17 14 3 2 9 22 6 23
75,10,0.9999999770207161,2.29792839201437e-06,9.625839603572821,10 5 15 20 8 12 7 3 0 2 13 6 4 9 25 18 14 17 11 5
74,10,0.9999999924994523,7.500547738459318e-07,8.558291469302475,10 5 0 15 20 2 3 8 7 12 4 6 1 9 13 14 5 25 18 11
76,10,0.9999997898590778,2.1014092221882663e-05,13.511961705793903,10 20 15 25 5 30 12 18 0 35 17 13 14 8 23 22 40 7 16 19
78,10,0.999998931595253,0.0001068404747006646,9.19939628653248,10 5 15 20 12 0 8 3 7 2 13 4 6 18 25 14 17 9 11 16
79,10,0.999998774706532,0.0001225293468021249,9.434565758458534,10 5 15 20 0 2 25 3 12 8 7 30 18 13 1 4 17 14 9 6
80,10,0.9999998513150363,1.4868496367448358e-05,9.03126081380326,10 5 0 15 20 2 3 8 7 12 25 4 6 1 13 9 18 5 30 14
77,30,0.9999957010882916,0.00042989117083891415,26.66251718443615,30 20 40 25 35 15 10 45 60 50 70 23 65 32 27 12 22 5 55 42
44,10,0.9999998308306556,1.691693444216824e-05,12.381590112736461,10 20 15 5 30 25 0 35 40 12 2 18 8 3 7 17 23 13 22 5
84,60,0.9999173686585973,0.008263134140273909,51.90434297412552,60 40 65 70 35 30 45 50 55 75 25 80 20 42 62 72 85 68 67 63
83,10,0.9999999381610666,6.183893341837887e-06,11.755760840149655,10 20 15 0 5 30 25 40 12 35 8 5 18 2 13 7 3 17 23 14
86,10,0.9999999154614106,8.453858935109082e-06,10.594046401335044,10 20 15 5 0 25 30 12 8 2 18 35 3 7 13 17 5 14 22 23
85,10,0.9999997910011627,2.0899883734770697e-05,9.799881697351083,10 5 15 20 12 0 8 3 7 2 25 13 18 14 17 9 4 6 5 11
89,10,1.000000061351945,0.0,10.225846417147402,10 20 15 5 25 0 30 12 8 2 3 18 7 5 13 17 35 14 22 23
81,10,0.9999999822955514,1.7704448573852005e-06,10.070114925017196,10 5 20 15 0 25 30 2 12 8 3 7 5 18 13 14 17 1 9 4
87,20,0.9999985756138884,0.00014243861116147727,16.5362225508706,20 10 15 30 25 5 35 40 12 0 23 18 22 17 13 14 24 27 8 21
82,20,0.9999998994061838,1.0059381616578378e-05,18.077834421926386,20 10 15 30 25 40 5 35 0 12 18 23 22 17 24 45 14 27 13 21
92,10,1.0000000046058,0.0,12.160285796679643,10 20 15 5 30 0 25 35 40 12 18 8 2 13 17 3 22 23 7 14
88,30,0.9999952859095697,0.00047140904303466513,32.773256293711135,30 40 35 20 25 45 60 50 15 10 70 65 55 32 42 37 27 38 23 75
94,20,0.9999999109502004,8.904979964530213e-06,15.614483869612046,20 10 15 30 25 5 35 40 0 12 23 18 22 17 13 8 14 27 7 24
95,10,0.9999998570110255,1.4298897454967374e-05,9.96951408360482,10 5 15 20 0 25 12 30 8 7 3 2 18 13 14 17 6 4 9 5
91,30,0.9999914486471374,0.0008551352862595785,30.77679885612999,30 40 20 35 25 15 60 45 10 50 70 65 55 80 75 32 22 27 23 5
90,20,0.9999998959585067,1.0404149330955903e-05,19.45844587453484,20 10 30 15 25 40 35 5 0 45 50 12 23 22 18 17 24 27 32 28
97,10,0.999999841693274,1.5830672595029682e-05,9.007038987347034,10 5 0 15 20 2 3 8 12 7 25 4 1 13 5 9 6 18 30 14
96,20,0.9999997759840551,2.2401594490517596e-05,21.343621405345772,20 30 10 15 25 40 35 5 45 23 22 18 12 24 27 32 28 50 17 21
93,10,0.9999999067958332,9.320416682889743e-06,9.023552920600618,10 5 15 0 20 3 2 8 7 12 6 4 13 9 5 25 14 1 18 11
98,20,0.999998289097215,0.00017109027850015224,24.843277142769736,20 30 25 10 40 15 35 45 50 5 60 23 22 12 32 18 27 24 28 0
99,10,0.9999944066195805,0.0005593380419499638,13.205708611246344,10 20 15 5 25 30 0 12 35 40 18 23 8 17 22 7 13 14 3 2
11042,10,0.9999998333905201,1.6660947987912067e-05,9.752161275720411,10 5 15 20 0 12 25 8 3 7 2 5 30 13 18 4 14 6 17 9
5425,30,0.9999996433530653,3.566469346516499e-05,27.135338915707433,30 20 25 40 35 15 10 45 50 23 27 32 22 28 37 33 34 24 38 12
18651,70,0.9958442034772618,0.4155796522738231,67.34962678646016,70 60 80 50 75 65 85 40 0 30 90 20 55 35 45 25 95
7143,30,0.9999995340932971,4.6590670288448877e-05,29.80877565590453,30 20 40 25 50 35 10 15 0 45 32 23 5 37 38 42 27 34 33 22
15466,30,0.9999996845169404,3.154830595653024e-05,26.6512179244987,30 20 25 40 35 15 10 45 23 32 27 22 24 28 33 34 37 18 38 50
16830,40,0.9999842310118784,0.001576898812161165,38.40852997991018,40 35 30 45 50 25 55 60 42 20 37 43 38 32 47 65 34 27 48 52
2332,30,0.9999820784100345,0.0017921589965497198,34.09557508296703,30 40 35 20 25 45 50 60 15 42 55 32 37 10 38 27 34 23 43 65
8994,30,0.9999988175039919,0.00011824960081119329,34.59850408802229,30 40 50 20 60 35 25 10 45 70 0 15 65 55 75 42 80 37 32 5
4526,30,0.9999997179143654,2.820856346286149e-05,28.45197423803323,30 20 25 40 35 15 10 45 50 32 23 27 22 37 28 34 33 38 42 24
16465,60,0.9999975428979344,0.0002457102065589467,61.30935849490072,60 70 65 40 50 30 75 35 55 80 45 20 25 85 15 72 10 67 0 62
6646,60,0.9999548073689563,0.004519263104374449,60.22178336800112,60 70 65 40 30 35 55 45 75 50 80 20 25 72 62 68 67 63 42 73
5981,40,0.999999200771623,7.99228377035277e-05,36.80448835489271,40 30 35 45 50 25 60 20 55 65 42 37 70 38 32 15 43 34 33 27
16959,85,0.9999941189837754,0.0005881016224562607,82.97353822965997,85 80 75 90 82 70 78 87 83 72 88 92 86 84 73 77 81 76 65 95
6677,50,0.9999973257499477,0.0002674250052292493,44.241582377522384,50 40 30 35 45 60 20 25 55 65 15 42 70 37 0 10 43 38 47 32
9842,80,0.9992997489550468,0.07002510449531929,78.8874250342955,80 70 90 75 85 60 50 100 95 65 40 55 0 30 99 87 72
12628,30,0.9999990718345986,9.281654014259288e-05,30.287307933118775,30 40 20 35 25 15 45 10 50 32 60 27 23 37 42 22 38 28 34 33
5643,30,0.99996630179775,0.0033698202249965448,31.60079162430501,30 35 40 25 20 45 15 32 27 50 23 37 10 38 42 22 34 28 60 33
6342,40,0.9999988536287543,0.00011463712457082664,36.92996519338337,40 30 35 50 60 45 20 25 55 65 70 15 42 10 37 32 38 43 27 47
3444,30,0.9999996744898435,3.2551015649584514e-05,27.354860925078672,30 20 40 25 10 35 15 50 60 45 70 65 0 55 42 5 75 80 32 23
11786,10,0.9999998713569782,1.2864302179060871e-05,9.899984251759737,10 5 15 20 12 8 7 3 13 2 25 18 0 14 17 9 6 4 11 5
7263,80,0.9999634652094613,0.003653479053866704,76.61024904084626,80 70 75 85 65 60 90 72 82 78 40 73 55 50 83 87 95 68 67 45
17433,60,0.9999636901051809,0.0036309894819064326,59.72074351911788,60 65 70 40 55 50 45 35 75 30 80 25 62 20 72 67 68 63 42 52
5295,30,0.9999779089478943,0.0022091052105710496,30.305868247307163,30 35 25 20 40 15 23 32 27 45 37 22 34 28 42 38 10 24 33 18
17837,60,0.9978422581161144,0.21577418838856222,52.206887441227416,60 40 65 45 35 55 70 30 50 62 42 63 52 67 47 72 37 68 75 43
14342,30,0.9999996007857769,3.9921422312350074e-05,31.379381758739115,30 40 35 20 25 45 15 50 60 10 32 37 27 38 42 34 23 33 28 55
10765,10,0.9999998363435822,1.6365641775095696e-05,9.083196632065276,10 5 0 15 20 2 3 25 8 7 30 12 5 1 4 13 18 6 9 14
12108,30,0.9999985473101958,0.00014526898042266367,27.71663722564284,30 20 40 25 35 10 15 60 50 45 70 32 65 42 23 27 55 37 22 0
17044,85,0.9999421488355618,0.005785116443823846,80.99573443050313,85 80 75 70 90 65 60 82 72 95 78 87 83 73 92 40 68 55 100 77
9510,0,0.9967735668885283,0.3226433111471749,9.075987561114427,0 50 60 40 30 20 70 10 80 25 75 35 65 45
12050,30,0.9999999486484017,5.135159830693681e-06,31.188629049246927,30 40 20 35 25 60 50 45 10 15 70 65 55 42 32 37 27 23 38 22
10035,10,0.999999968331245,3.1668754951752476e-06,9.516127896327225,10 5 15 20 0 3 2 8 25 12 7 30 13 4 18 5 6 1 14 17
6864,40,0.9999990684122047,9.31587795349742e-05,36.741656937312314,40 30 35 45 50 20 25 60 55 65 15 42 70 37 32 38 27 43 10 34
2056,30,0.9999969044067067,0.0003095593293256371,33.42475078684351,30 40 35 20 25 60 50 45 70 65 15 10 55 42 75 32 37 80 27 38
6313,75,0.9999569907829569,0.004300921704314398,77.14785684331426,75 80 70 85 72 78 82 65 73 76 83 74 77 90 68 87 67 60 81 79
6601,70,0.9998987250691026,0.010127493089739925,73.66172183279416,70 75 80 65 85 60 72 78 73 82 90 68 67 74 83 55 76 62 77 87
11285,10,1.0000000516105516,0.0,11.30552693038763,10 15 20 5 25 30 12 18 8 13 17 7 14 22 23 5 0 16 3 35
13150,80,0.9999895718341247,0.0010428165875264739,81.99116191866158,80 85 90 70 75 95 60 65 92 100 82 87 72 83 78 88 93 86 84 81
4139,30,0.9999836761814211,0.001632381857885612,32.156100619790045,30 35 40 25 20 45 15 32 27 37 38 34 23 28 42 50 22 33 36 24
8552,60,0.9999938516954695,0.000614830453049553,51.62136385929432,60 40 70 30 50 80 20 75 65 0 35 85 25 10 90 45 55 15 95 5
9735,50,0.9999999761360483,2.386395170361766e-06,26.34268127993054,50 0 30 40 20 25 10 60 35 15 45 5 70 55 33 42 65 23
18006,0,0.9995388712733639,0.0461128726636062,17.59898656743977,0 50 20 30 60 40 10 70 80 25 75 15 35 65 90 85 45 5
8080,80,0.9998145234789759,0.018547652102407497,84.63182315411089,80 90 85 95 75 70 100 65 60 87 92 98 82 83 93 99 88 50
19317,40,0.9999995775061364,4.2249386356107976e-05,36.2399572883372,40 30 50 20 60 35 25 45 70 10 0 65 55 15 42 37 32 43 23 75
18265,50,0.7886681278819898,21.13318721180102,49.53977863454087,50 60 40 30 70 0 20 80 25 75 65 35 10
17437,60,0.9997765689894982,0.02234310105018178,61.04502181959691,60 70 65 40 75 35 30 45 55 50 80 72 20 25 62 67 85 68 42 73
18731,50,0.9999948243233062,0.0005175676693780495,47.58548838228969,50 40 30 20 60 0 25 35 10 70 45 15 55 65 5 80
12414,20,1.0000000154290472,0.0,18.60277396741781,20 15 10 25 30 35 5 40 12 23 22 18 17 27 0 24 21 32 28 45
14167,30,0.9999997574190553,2.425809446648941e-05,27.79933032132991,30 20 25 40 35 15 10 45 50 23 32 27 22 34 37 28 33 24 38 42
1919,10,0.9999995780154883,4.2198451166708395e-05,12.056011998385339,10 20 15 5 25 30 12 0 18 8 17 13 35 7 23 22 14 3 16 40
2216,30,0.9999697247608579,0.003027523914211905,40.50433550572324,30 40 60 50 70 20 35 80 0 65 25 45 75 10 55 85 15 90 42 37
6807,40,0.9999997457538196,2.5424618044223024e-05,38.15615847227448,40 30 35 60 50 45 20 25 65 55 70 15 42 37 75 32 10 43 38 47
10525,20,0.9999992112864327,7.887135673456669e-05,22.204886860388267,20 30 15 25 10 40 35 5 45 12 23 22 18 27 32 17 28 24 50 0
15984,50,0.9999966931390563,0.0003306860943741441,40.719003993826234,50 30 40 35 20 25 45 15 10 60 55 42 37 32 38 23 27 34 33 0
1378,10,0.9999998946231977,1.0537680228406288e-05,10.593041499707159,10 20 15 5 25 30 0 12 8 3 2 7 18 13 17 14 35 5 23 22
8344,85,0.9999992701661873,7.298338127181836e-05,85.98776071009752,85 90 80 95 75 70 100 92 87 65 82 60 88 83 93 98 86 89 78 97
17472,40,0.9997040646191522,0.029593538084782267,40.33099432754815,40 35 45 30 60 55 50 65 25 42 70 20 37 38 43 32 47 62 52 48
16216,30,0.9999965717668703,0.00034282331297097457,35.0978089406237,30 40 35 50 20 25 60 45 15 70 65 55 0 10 75 85 80 42 37 43
16617,70,0.9999675865063852,0.0032413493614824596,67.89064630449656,70 60 80 85 75 65 40 30 50 35 20 45 55 25 90 15 72 10 73 62
1532,10,0.9999998043288719,1.9567112807816756e-05,9.722393793015323,10 5 15 20 0 25 12 8 3 2 7 30 18 13 5 4 14 9 17 6
18082,50,0.9999977944463578,0.00022055536421650146,41.854424402358134,50 30 40 60 0 20 70 25 10 35 45 65 80 75 55 15 85 5 42
1928,10,0.9999998742074958,1.2579250419086918e-05,11.211382592502705,10 15 20 5 25 30 12 0 8 18 7 17 13 14 3 22 23 35 2 16
18845,50,0.9651461515849936,3.4853848415006383,33.72940324317209,50 0 40 30 20 60 35 25 70 10 45 15 65 55 80
16929,85,0.9999966531569795,0.00033468430205019217,83.50101329332844,85 80 75 82 90 78 87 83 88 70 84 86 72 92 81 76 77 73 79 89
11793,10,0.9999998552910152,1.447089847950167e-05,11.17843750224498,10 15 20 5 25 30 0 12 8 18 7 13 17 5 14 9 3 19 35 16
8498,50,0.9991025045700213,0.08974954299787452,35.48147777071505,50 0 60 40 70 30 20 80 65 75 35 25 10 45 55 85 15
833,30,0.99999807417292,0.00019258270800293076,29.50136080390156,30 20 40 35 25 15 10 45 50 60 32 23 27 22 37 42 28 38 34 24
19296,60,0.9996873140537952,0.03126859462048159,54.19726475110634,60 50 40 70 30 65 0 80 75 20 35 45 55 25 85 10 15
16533,60,0.9998667094085603,0.013329059143973865,62.94494962373593,60 70 65 40 75 55 35 50 30 45 80 72 62 25 68 20 67 85 63 42
8444,80,0.9999979306150495,0.00020693849505093453,83.30490807776808,80 90 85 70 75 95 100 60 65 87 92 82 50 83 88 93 72 86 78 84
17184,40,0.9999977753258198,0.0002224674180206776,37.25967425264628,40 30 35 50 45 20 60 25 55 65 15 70 42 37 0 10 38 32 43 33
8851,0,0.9860992263521139,1.390077364788611,22.65821707356902,0 50 40 60 30 20 70 80 10 25 75 35 65 90 85 15
13056,30,0.9999977130584091,0.00022869415908788326,26.920627410612557,30 20 40 25 10 35 60 80 70 15 50 90 75 45 65 85 55 5 95 32
7541,60,0.9998707302555183,0.012926974448168593,59.70120886804959,60 65 70 40 50 35 55 45 30 75 80 25 20 62 72 42 67 63 73 68
18049,50,0.9796460273975387,2.03539726024613,34.17177686972303,50 0 20 30 60 40 70 10 25 80 35 75 15 65 45 55 85 5
15092,20,0.9999999154032978,8.459670219895798e-06,18.360289931763216,20 10 15 25 30 35 5 40 12 18 22 23 17 24 27 14 21 32 28 13
15875,85,0.9999979101079011,0.0002089892098933177,83.16950476981637,85 80 90 75 70 82 95 87 78 65 83 92 72 88 86 84 73 81 60 77
16914,40,0.9999990943976295,9.05602370537828e-05,37.41939122238436,40 30 50 35 20 60 25 45 55 65 15 70 10 0 42 37 75 32 33 43
10033,10,0.9999999725927124,2.7407287550573756e-06,7.591754857364908,10 5 0 15 2 20 3 7 8 12 1 4 5 6 25 9 13 14 30 18
14959,30,0.9999986190113651,0.00013809886348914446,30.394688737205353,30 40 20 35 25 50 10 15 45 60 42 32 37 23 27 55 38 0 22 33
2767,30,0.9999996423571397,3.576428603269122e-05,29.76602978793609,30 20 40 25 35 15 10 50 45 60 70 65 55 32 42 27 23 37 34 38
2465,30,0.9999979766720618,0.00020233279381942637,28.60848289118748,30 20 40 50 25 10 60 35 70 15 0 45 80 65 75 55 42 90 27 37
8639,30,0.9999951426991727,0.0004857300827332267,28.310546301620978,30 20 50 0 40 10 25 35 60 15 45 70 5 55 23 65 33
16875,60,0.9999914172562833,0.0008582743716734065,51.0019799519122,60 40 50 30 65 35 55 45 70 25 20 75 42 15 62 80 52 63 37 43
5641,30,0.9999982757447877,0.0001724255212276482,34.26428695933634,30 40 35 20 25 45 50 60 55 15 65 37 42 70 32 38 10 27 34 33
5546,30,0.9999998942220674,1.057779326352204e-05,30.849886828683058,30 40 35 20 25 45 15 50 32 10 37 27 38 34 42 23 33 60 28 22
19741,30,0.9999646414210729,0.0035358578927113804,36.47159235629789,30 40 50 20 35 0 25 60 10 45 15 70 55 65 42 5
8892,30,0.9999886461532159,0.0011353846784079025,29.11380361800476,30 20 40 25 35 50 15 10 45 0 60 23 27 42 32 37 22 34 12 55
2130,30,0.9999974886787913,0.0002511321208653605,25.732730793778334,30 20 25 40 35 15 10 45 60 50 23 70 32 5 65 22 55 27 42 12
260,10,0.9999998950423374,1.049576625611337e-05,13.318775729090767,10 20 15 30 25 5 0 40 35 12 5 18 23 17 8 13 22 7 2 14
4499,30,0.9999984834985332,0.0001516501466847231,32.721769657282785,30 40 35 20 25 45 50 15 60 10 32 37 55 42 38 27 34 33 23 28
15118,30,0.999991609396192,0.0008390603807972852,29.989488984467542,30 35 20 40 25 15 45 10 32 23 27 22 37 28 34 38 42 50 24 33
9941,70,0.7853340195729146,21.46659804270854,63.435966880544775,70 60 80 50 75 0 65 85 40 90 30 55 20
13189,30,0.9999997980226438,2.0197735617344392e-05,31.517164020845172,30 40 20 25 35 60 50 45 10 70 15 65 55 75 80 42 32 37 27 23
13280,30,0.9999981430210817,0.00018569789183020546,29.65613377565012,30 20 40 25 35 10 15 45 50 60 55 0 65 70 5 32 42 23 27 37
9626,30,0.9999911601648102,0.0008839835189844436,35.59716317923709,30 40 50 20 60 35 25 45 70 0 65 15 10 55 42 37 32 75 23 27
4428,30,0.9999988181314023,0.00011818685976550114,31.346187380013014,30 40 20 35 25 50 45 15 10 60 42 32 37 27 38 55 23 34 33 65
7906,40,0.9999874331044674,0.0012566895532639677,39.72343120481075,40 35 30 45 60 50 55 65 25 20 70 42 37 38 32 43 47 52 48 34
17577,40,0.9999597824302906,0.0040217569709399825,38.32639860166195,40 30 35 60 45 50 25 55 65 20 70 42 15 37 32 38 75 62 43 27
15352,30,0.9999993848488148,6.151511852126035e-05,30.601221036629088,30 40 20 35 25 15 45 10 50 32 37 27 23 38 34 42 60 33 28 22
8528,80,0.9999760454280684,0.0023954571931605884,83.63973243741488,80 85 90 70 75 95 100 60 65 92 87 82 50 83 72 88 93 78 86 98
18087,80,0.9999973978413604,0.0002602158639564145,79.56084577748912,80 70 90 85 75 60 95 65 100 50 40 55 30 0 87 45 20 82
10416,30,0.9999978507499797,0.00021492500202890952,33.43175667734459,30 40 35 20 25 60 50 45 70 15 65 55 10 75 80 32 42 85 38 37
19470,50,0.9922105199624269,0.7789480037573071,48.747455967227864,50 60 40 0 30 70 20 80 75 35 65 25 45 55 10
13071,30,0.999999858343264,1.416567360079668e-05,34.29991261225432,30 40 20 60 35 50 25 70 45 65 10 55 15 75 80 42 37 32 38 85
13771,80,0.9999761892914637,0.0023810708536298186,75.54402137777447,80 70 75 85 60 65 90 40 72 50 55 82 95 30 78 45 35 87 73 68
16421,75,0.9999735462963494,0.002645370365061961,74.2491895515098,75 70 80 65 85 72 78 73 60 82 68 74 76 67 77 83 62 90 79 81
11764,10,0.9999998986252364,1.0137476358362818e-05,10.574370265985133,10 15 20 5 25 30 12 0 8 7 3 18 2 13 17 14 35 22 23 16
8172,95,0.999999960012135,3.998786501924201e-06,94.32909572417243,95 90 100 85 98 80 97 92 93 99 96 94 87 88 75 91 89 86 82
14713,30,0.9999989930734264,0.0001006926573565714,27.834411555484238,30 20 25 40 35 15 10 45 23 32 50 27 22 34 37 28 24 38 33 60
13202,30,0.9999998945555366,1.0544446338300872e-05,27.513969338151025,30 20 40 25 10 35 50 15 60 45 70 0 80 65 55 5 75 32 42 23
17326,40,0.9999927791017669,0.0007220898233128992,36.86988846190613,40 30 35 60 50 45 20 25 55 65 70 15 10 75 42 0 37 32 38 43
15490,40,0.9998511807473598,0.014881925264020879,38.48992667037502,40 35 30 45 60 50 55 25 42 65 20 37 38 32 43 70 47 48 34 52
3557,30,0.9999997622835513,2.377164487477046e-05,25.756584107371815,30 20 40 25 10 35 15 45 50 60 23 32 0 27 5 22 42 70 37 12
4711,30,0.999997459182298,0.0002540817702012532,31.340703143398255,30 40 35 20 25 45 15 50 60 10 32 37 27 38 42 23 34 33 28 55
13264,30,0.9999993082617141,6.917382858739884e-05,31.56801926645167,30 40 35 20 25 45 15 50 60 10 55 32 42 65 37 38 27 23 70 34
13340,30,0.9999999689852936,3.1014706358689637e-06,27.045231791556763,30 20 40 25 10 35 15 50 60 45 70 65 55 5 0 80 75 32 42 23
10301,5,0.9999998893702265,1.1062977345321912e-05,5.176384160825081,5 10 0 3 2 15 7 8 1 4 20 12 6 5 9 13 11 14 17 18
10222,10,0.9999958312295993,0.0004168770400658772,10.75465803275033,10 15 5 20 25 0 30 95 90 12 85 8 80 7 3 35 2 40 18 9
9448,20,0.9999989992320265,0.00010007679734913566,19.603485722658732,20 10 30 15 25 35 40 12 23 5 0 27 17 22 18 24 32 13 14 28
18966,70,0.9999932078648577,0.0006792135142319466,60.85574085344786,70 80 50 60 40 0 30 75 90 85 20 65 25 35 95 45 10 55 100 15
17737,60,0.9999583936817436,0.004160631825644856,64.2649519417842,60 70 65 75 40 55 50 45 35 80 30 72 62 67 68 73 63 85 42 57
12703,30,0.9999994135027095,5.864972905111898e-05,33.904724866388676,30 40 35 20 25 50 45 60 15 55 65 70 10 42 32 37 38 34 27 33
14218,30,0.9999994796502562,5.203497438488469e-05,29.996455418974946,30 20 40 35 25 15 45 10 50 32 27 23 37 34 38 33 22 28 42 24
2209,40,0.999999392397628,6.076023719714385e-05,38.03103673534775,40 30 60 35 50 45 20 25 70 65 55 75 42 80 15 37 32 38 43 10
597,10,0.9999996943800895,3.0561991049005144e-05,9.514514107587015,10 5 15 20 0 25 2 3 30 8 12 7 5 1 9 4 13 18 17 6
11072,10,0.9999997862118921,2.1378810788341696e-05,9.833793508076766,10 5 15 20 12 8 7 3 2 13 25 18 0 9 14 6 17 5 4 11
16734,40,0.9999644560802011,0.0035543919798874946,36.31407961887206,40 30 35 45 25 20 60 50 55 42 32 37 65 38 43 15 27 34 47 52
15358,20,0.9999995710495883,4.289504117460652e-05,19.075382561934763,20 10 15 30 25 35 5 40 23 12 22 18 17 27 24 32 21 28 14 13
18391,60,0.9999932249318577,0.0006775068142284013,55.828617275270396,60 50 70 40 30 65 80 75 20 35 45 25 55 0 85 10 15 90 67 42
19508,40,0.9999946554797775,0.0005344520222494431,37.01437225271829,40 30 60 20 35 50 70 25 45 65 75 80 10 15 55 0 42 85 37 27
14946,30,0.9999925837858161,0.0007416214183875169,34.42997142525482,30 40 35 25 20 45 50 15 60 42 32 55 38 37 10 27 34 33 28 23
16157,70,0.9999877020558166,0.0012297944183448095,70.31222281496136,70 75 65 80 60 85 72 55 73 68 40 67 50 78 62 45 74 82 90 63
11849,20,0.9999993366930581,6.633069419281767e-05,20.761720709644166,20 30 10 15 25 35 40 5 23 12 18 22 17 27 24 45 32 28 14 13
9114,50,0.9882885056509604,1.171149434903962,52.87629066562361,50 60 70 80 40 75 30 65 85 20 0 90 25 55 35 45
12440,20,0.9999900992473975,0.0009900752602542973,23.470965108787954,20 30 25 15 35 10 40 23 22 12 45 27 32 18 17 28 24 42 5 37
3811,30,0.999999884734605,1.1526539500650301e-05,34.66669739756706,30 40 50 20 60 25 70 35 10 45 65 80 75 55 15 0 42 85 90 37
2938,30,0.9999775240510295,0.0022475948970535065,32.90855502908141,30 40 35 25 20 45 15 50 60 55 32 42 10 37 38 27 23 34 22 28
16732,70,0.9999891353458991,0.0010864654100939397,72.13086902899842,70 75 80 65 60 85 72 40 90 55 50 73 78 45 82 68 35 67 30 62
12302,30,0.9994717053363652,0.05282946636347985,33.937384619327844,30 35 40 20 25 45 42 60 37 32 27 50 38 55 23 15 65 34 43 28
9916,80,0.9998522156110273,0.014778438897267154,72.48073502762269,80 70 60 50 75 85 90 65 40 30 95 20 35 55 0 45 100 25 72
16925,30,0.9999990592812024,9.407187976373521e-05,33.78115620683253,30 40 35 20 25 50 45 15 60 10 55 42 0 32 65 38 37 33 27 23
5952,40,0.9999749812491956,0.002501875080440641,35.002375905148064,40 30 35 25 45 20 50 60 37 42 32 38 55 15 27 34 43 23 33 28
16909,30,0.9999997432402951,2.5675970494187794e-05,33.670000718134936,30 40 20 50 35 60 25 45 10 0 15 55 70 65 75 42 33 37 80 32
4074,30,0.9999995023381959,4.976618040997138e-05,29.31181963505237,30 20 40 25 35 15 10 45 50 60 32 23 42 27 37 38 34 22 33 28
1201,0,1.0000000038537016,0.0,0.23380885147253005,0 5 10 2 3 1 4 7 15 8 6 20 12 9 5 13 11 0 14
18547,50,0.9995256895514207,0.04743104485792626,49.333112721700324,50 40 60 30 70 20 0 35 45 25 65 55 80 75 10
19364,30,0.9999999460014698,5.399853020282563e-06,30.803687169258826,30 40 20 50 25 35 10 0 60 15 45 5 55 70 65 42 23 32 37 33
11041,20,0.9999992686592344,7.313407656139859e-05,17.15484649557189,20 10 15 30 25 5 0 35 40 12 23 18 22 17 27 24 45 13 14 32
4130,40,0.9999608529542386,0.00391470457613563,35.309190307473145,40 30 35 20 50 25 45 60 42 15 55 37 32 38 65 10 34 27 43 23
11649,40,0.9999975234318225,0.00024765681775340553,44.54718906720992,40 30 60 70 35 65 20 80 25 75 50 45 55 85 15 10 90 72 42 68
5087,30,0.9999945741884558,0.0005425811544168546,30.414675309337955,30 40 20 35 25 15 45 10 50 23 32 37 27 34 42 38 22 28 33 24
5777,20,0.9999999205617479,7.943825208744926e-06,21.54050464148958,20 30 25 15 10 35 40 23 22 27 12 18 32 5 24 28 17 21 45 33
18902,70,0.999987697203161,0.001230279683894775,65.87388876042967,70 80 60 50 75 40 30 85 65 20 90 0 35 25 45 55 10 95 15 100
8246,85,0.9999993643079164,6.356920836392277e-05,86.34151964244602,85 90 80 95 75 70 92 87 100 82 88 83 65 93 86 89 78 84 60 94
16574,50,0.9999970324759677,0.0002967524032282398,40.01627336596087,50 30 40 20 35 25 45 60 0 15 10 55 65 42 70 37 32 38 23 43
16938,50,0.9999961343410134,0.00038656589865793123,49.482706470433506,50 40 60 30 55 35 45 65 20 70 25 42 52 62 53 47 15 43 37 57
19475,50,0.9999882853029772,0.0011714697022768839,42.893111427986504,50 30 40 60 20 70 25 35 0 10 45 65 55 15 75 80 42 5
16507,30,0.9999999000005346,9.999946537497806e-06,29.618098539854483,30 20 50 40 25 0 10 35 15 45 5 60 55 23 32 33 42 27 12 37
11183,40,0.9989807566074798,0.10192433925202415,36.61736495506575,40 30 35 50 45 20 25 60 42 55 37 43 65 15 23 32 38 34 27
6441,70,0.9999788807066398,0.0021119293360238878,66.65486702631294,70 65 60 75 80 55 40 45 50 72 35 68 67 62 73 30 85 63 78 74
12195,30,0.9999998183158845,1.8168411552998975e-05,35.42127974632516,30 40 20 60 50 35 25 70 45 10 65 55 15 75 80 0 42 37 32 38
14922,40,0.9999987422236712,0.00012577763287557886,35.221214476394685,40 30 35 25 45 20 50 60 42 37 32 38 15 55 34 27 43 33 23 28
193,0,0.9999999983606743,1.6393256752067487e-07,3.762763723026884,0 10 5 15 2 3 20 8 7 12 1 4 6 9 13 5 25 14 11 18
10435,10,0.9999998358889817,1.6411101833035957e-05,10.120981002924525,10 5 15 20 25 0 30 12 8 3 2 7 18 13 17 5 14 6 9 4
3810,90,0.9999817634220103,0.0018236577989716451,88.7747050972955,90 85 95 80 92 93 87 75 88 98 82 100 97 94 89 86 83 70 91 96
6515,30,0.9999998044044457,1.955955543087029e-05,32.4179457228698,30 40 20 35 25 50 45 15 10 60 55 32 42 37 38 33 65 0 27 23
12529,30,0.9999999675442587,3.2455741316717024e-06,26.759551538008722,30 20 40 25 35 10 15 45 50 60 32 23 70 27 22 5 42 0 28 37
14786,30,0.9999987131993834,0.00012868006166177892,28.152992058663187,30 20 25 40 35 15 10 45 32 23 27 22 34 28 24 37 33 38 42 18
596,10,1.0000000818535493,0.0,6.184097005198369,10 0 5 20 15 2 3 25 8 1 5 7 30 12 4 6 9 13 18 14
16381,40,0.999997106125766,0.000289387423402232,36.437265255649336,40 30 35 45 50 20 25 60 55 15 65 42 10 70 37 32 43 38 0 33
17789,75,0.9999570872722185,0.0042912727781452276,76.75783218600722,75 80 70 85 78 72 82 65 73 76 83 77 74 68 90 67 87 60 81 79
15094,30,0.9999997616653962,2.383346038303813e-05,28.31412240196342,30 20 40 25 35 10 15 50 45 60 32 23 27 33 5 0 34 37 22 28
7493,40,0.9999868410435062,0.0013158956493786178,41.94433447222886,40 30 60 35 50 45 65 55 70 25 20 75 15 42 10 37 80 62 32 38
12249,20,0.9999998735280439,1.2647195613002538e-05,20.534496609540863,20 30 10 25 40 15 35 5 50 60 0 70 45 80 75 65 23 90 32 12
19652,50,0.9887279957308905,1.127200426910946,51.339402006085535,50 60 70 40 30 80 75 65 0 20 25 35 55 85 45
12799,30,0.9999994000463076,5.999536923928517e-05,36.739009157927704,30 40 60 50 20 70 35 25 80 10 65 45 75 0 15 55 85 90 42 100
17935,50,0.9999921885538862,0.0007811446113836773,51.56066969191213,50 60 70 30 40 80 20 75 0 25 65 35 85 90 10 45 55 15 95 100
2828,20,0.9999969157145843,0.00030842854157331345,23.87702176993969,20 25 30 15 35 40 23 22 10 27 18 32 28 24 21 17 12 34 33 45
359,10,0.9999998520522463,1.479477537147389e-05,7.626460165680737,10 5 0 15 3 2 8 20 7 12 4 9 6 1 13 5 14 11 18 25
7112,70,0.9999778437735017,0.002215622649825999,73.61630005445996,70 75 80 65 85 60 72 78 73 82 68 67 90 74 76 83 77 62 55 87
19346,85,0.9999974443340086,0.0002555665991388345,86.09626061376066,85 90 80 95 75 70 92 87 82 88 93 65 83 100 86 78 89 98 84 60
7591,70,0.9999360307113662,0.006396928863383611,68.26137180771757,70 65 60 75 72 80 67 68 73 62 55 63 74 78 40 64 76 45 85 77
11333,10,0.9999998184750032,1.8152499681178824e-05,10.08518091734531,10 5 15 20 25 0 30 12 8 3 2 7 18 13 17 14 35 5 4 23
1989,10,0.999999522778723,4.772212770509654e-05,11.777345340637478,10 20 15 5 30 25 0 12 35 40 8 7 2 18 3 17 13 23 14 22
8397,90,0.9999975718930597,0.00024281069402887212,86.59461402449284,90 85 80 95 75 100 70 92 87 65 82 98 88 93 83 97 60 89 86 78
12561,20,0.9999999333567501,6.6643249918563185e-06,22.51818904529103,20 30 10 25 15 40 35 45 5 50 23 22 27 32 60 24 12 18 28 17
1479,10,0.9999999012552225,9.874477746585342e-06,9.317878622470703,10 5 0 15 20 3 2 12 8 7 25 30 4 13 5 6 18 9 1 14
14015,40,0.9999781388837553,0.0021861116244692447,37.51950493559749,40 30 35 45 60 50 25 20 55 42 65 37 38 32 43 70 34 47 33 48
3770,20,0.9999966049201522,0.0003395079847812177,22.07651906887609,20 30 25 15 10 35 40 22 23 18 45 12 5 27 28 32 17 24 60 80
3959,30,1.000000042379951,0.0,26.553026269209646,30 20 40 25 10 35 15 50 45 60 5 0 23 32 27 70 22 42 33 37
15630,30,0.9999802406697078,0.001975933029219057,34.024884787690205,30 40 35 25 20 45 37 32 42 50 38 27 34 60 28 23 15 33 43 36
13095,20,0.9999999589449533,4.105504669560389e-06,21.07487109202302,20 30 10 25 15 40 35 5 23 45 22 12 18 32 0 27 24 28 17 50
10370,10,0.9999997461194227,2.5388057733888303e-05,15.061459221733015,10 20 15 25 30 5 35 12 18 22 40 23 17 13 14 8 24 16 7 27
1468,10,0.9999997206342569,2.793657430943952e-05,11.216507741184813,10 20 15 5 25 30 0 12 8 18 7 13 17 35 3 14 2 5 23 40
9955,50,0.9808450134295217,1.9154986570478316,45.39568276884635,50 40 30 60 20 70 0 35 25 45 65 55 75 80
10606,30,0.9999917912256411,0.0008208774358919868,32.81003528655594,30 40 35 25 20 45 15 50 60 55 32 10 42 37 65 27 38 23 22 28
13920,40,0.9999953203169557,0.0004679683044295224,36.93235483719859,40 30 35 50 60 45 20 25 55 65 42 70 37 38 32 43 47 34 27 15
7150,80,0.9999664303300964,0.003356966990364363,75.81648903726101,80 70 75 85 65 60 90 72 78 82 73 83 68 67 76 74 77 87 55 40
8555,30,0.9999999593435012,4.065649883422395e-06,27.155720468083413,30 20 40 10 25 50 0 35 15 45 60 5 23 42 32 27 12 37 70 34
17418,40,0.9999462059874916,0.005379401250837912,45.71966247713705,40 60 35 30 65 45 70 55 50 25 20 75 42 80 62 15 52 72 37 38
14906,30,0.9999947527387466,0.0005247261253393809,31.32527398723544,30 40 35 20 25 45 15 10 50 32 27 37 42 23 38 34 28 22 33 60
15870,20,0.9999980957817851,0.00019042182148876208,24.66407276572308,20 30 25 35 15 10 40 23 22 27 32 45 28 12 24 18 5 33 34 17
10169,20,0.9999970762615868,0.0002923738413151966,16.2381808805757,20 10 15 25 30 5 35 12 40 18 23 22 17 13 14 8 0 24 27 7
16602,30,0.9999815581779726,0.001844182202737077,30.16216770417751,30 20 40 35 25 15 45 50 10 32 23 27 42 37 38 22 34 0 28 12
9670,50,0.9413429374922037,5.865706250779635,52.38565038890797,50 60 70 80 0 75 40 30 65 85 20 55 25 90 35
1430,30,0.9999994282032756,5.7179672441343143e-05,26.05342838656259,30 20 40 25 10 35 15 45 50 60 23 5 32 22 27 28 24 12 18 33
14434,30,0.999821184026656,0.017881597334401533,30.351890257203,30 35 25 20 40 15 45 32 23 27 10 42 37 34 38 22 28 24 33 43
16748,40,0.999985225803715,0.0014774196285038954,38.17465238485563,40 30 50 35 45 20 60 25 55 65 15 10 70 42 0 37 38 43 32 33
19359,90,0.9999998780650756,1.2193492437972964e-05,90.41222700810175,90 95 85 100 80 75 92 98 70 87 97 93 99 88 94 82 89 96 83 91
11799,10,0.9999997413352517,2.58664748287174e-05,10.119768863705765,10 15 5 20 12 8 7 25 3 13 18 0 2 9 14 30 17 6 5 11
14096,40,0.9997669898482269,0.023301015177312756,38.349126275654584,40 35 30 45 60 65 55 25 50 42 37 20 38 70 32 43 47 34 27 62
10040,10,1.000000031903526,0.0,10.095533216847326,10 15 20 5 0 25 30 12 8 7 3 2 18 5 13 14 17 16 22 9
8754,80,0.9999671600948099,0.0032839905190096275,80.59497579339468,80 100 90 70 75 50 85 95 60 0 30 20 40 65 25 10 35 99 55 45
8646,30,0.9999997340305009,2.6596949909141188e-05,30.370305693551355,30 20 50 40 10 25 0 35 15 60 45 5 70 55 23 42 27 33 37 32
7776,40,0.9999969546348118,0.00030453651882478283,37.98341394595391,40 30 35 45 50 60 25 20 55 65 42 37 38 15 32 43 34 47 70 33
13782,20,0.9999999827870889,1.7212911096464723e-06,22.02143429640291,20 30 10 80 25 90 40 15 70 85 75 35 60 50 95 65 5 45 0 55
1608,30,0.9999882334967478,0.0011766503252186311,29.272588187731877,30 20 40 35 25 15 10 45 50 32 23 27 42 22 60 37 12 34 28 38
5220,30,0.9999998117347554,1.8826524461612593e-05,30.807833024622614,30 40 20 35 25 15 45 50 10 32 60 37 27 38 33 23 34 42 28 22
17889,50,0.9860525705473547,1.3947429452645266,52.4795013729043,50 60 80 70 0 75 30 40 20 85 90 65 25 10 35 55 45 95 15
677,30,0.9999997332726769,2.667273231171663e-05,32.32489178944831,30 40 35 25 20 45 50 15 60 10 32 55 42 37 27 38 23 34 33 28
16880,80,0.999971018660287,0.002898133971296346,78.12549172401307,80 75 85 70 72 65 78 82 90 73 83 60 76 77 87 74 68 81 84 67
16689,50,1.000000003998874,0.0,45.39122347949413,50 30 20 40 0 25 10 35 15 60 45 55 5 70 65 42 37 23 38 33
1325,20,0.9999982190470467,0.00017809529533341362,15.606696767555787,20 10 15 25 30 5 12 18 22 23 35 17 13 14 8 24 21 27 7 16
6988,40,0.9999878875746994,0.001211242530063661,48.00797617554788,40 60 30 70 65 35 50 45 55 20 25 75 80 42 15 62 72 37 67 63
16464,50,0.9999972892346265,0.00027107653735036763,45.84780337603996,50 40 30 60 35 20 45 25 55 65 0 70 15 10 75 42 37 43 38 33
4494,20,0.9999997652570392,2.3474296084735613e-05,24.781413209736623,20 30 25 40 10 35 15 45 23 32 22 27 5 24 12 28 34 18 50 33
13324,30,0.9999996065270012,3.93472998849731e-05,32.95476083546391,30 40 20 50 60 70 25 10 35 80 0 45 65 15 75 55 85 90 42 5
532,10,0.9999999317731098,6.822689024854611e-06,9.992198115497548,10 5 15 20 0 25 8 12 30 7 5 3 2 13 18 17 14 9 4 6
3577,60,0.9985685004302921,0.14314995697078947,55.396601594963435,60 40 65 70 35 30 45 55 50 75 62 42 72 25 80 67 20 68 63 52
19489,20,0.9999998974407724,1.0255922755497693e-05,19.953376813028353,20 10 30 15 25 40 35 0 5 45 23 12 22 27 32 50 18 24 5 17
6595,70,0.9999506144613971,0.0049385538602897405,72.58948003004322,70 75 80 65 60 85 72 73 78 82 55 68 90 67 74 62 83 77 50 76
3846,30,0.9999986853278163,0.00013146721836720943,26.225719826813332,30 20 40 25 10 35 15 60 50 45 70 65 80 5 75 55 23 32 42 27
19213,60,0.9999645603157383,0.003543968426167332,62.23639227178696,60 70 50 80 40 75 65 30 85 0 20 35 45 90 55 25 10 72 15
9625,85,0.9999755095783561,0.0024490421643874605,84.44789443387835,85 80 90 95 75 70 65 60 100 92 87 82 93 83 72 88 98 97 78 50
2214,30,0.9999997119250442,2.8807495577876097e-05,28.446094327191055,30 20 40 25 35 15 10 45 50 32 23 22 27 60 28 34 42 37 33 24
14936,30,0.9999821258301249,0.0017874169875087276,27.62842748367226,30 20 40 25 35 15 10 45 50 23 32 27 22 12 37 42 34 38 28 24
2720,20,0.9999988344468277,0.00011655531723109291,24.63861910804658,20 30 25 40 10 15 35 50 45 60 5 23 70 32 27 42 22 0 65 12
775,5,0.999999989118882,1.0881118006622614e-06,7.313532868170234,5 10 0 15 2 3 20 8 7 4 12 1 5 6 9 13 25 14 11 18
19691,95,0.9999999138592357,8.614076429935835e-06,93.33178772862018,95 90 100 85 98 80 97 92 93 99 94 96 87 88 89 91 75 86 82
11058,10,0.9999997063921975,2.9360780251508345e-05,9.61007938863277,10 5 15 20 0 25 2 30 3 12 8 7 18 13 5 1 17 14 4 6
3462,40,0.9999874743415917,0.0012525658408257812,43.2236809317056,40 30 60 70 35 20 80 50 25 65 75 45 85 55 90 15 10 100 95 72
16949,40,0.9999858314341685,0.0014168565831473856,42.675721307411536,40 60 30 35 45 50 55 65 25 20 70 42 15 37 75 62 52 38 32 43
6452,40,0.9997073382649364,0.029266173506359294,37.57128156050948,40 35 30 45 60 55 50 25 20 42 65 37 38 32 43 47 27 34 70 52
15024,30,0.9999998531903136,1.4680968640767844e-05,33.12721381059055,30 40 20 50 35 25 60 45 10 15 55 70 65 42 32 38 37 33 27 34
14488,30,0.9999997386004854,2.6139951458947763e-05,26.465113030645945,30 20 25 40 35 10 15 45 50 5 23 32 27 22 24 0 34 33 28 12
8558,85,0.9999983235088943,0.0001676491105717659,84.00084039241607,85 80 90 75 70 95 87 82 92 65 83 78 60 72 88 86 84 93 89 73
12656,30,0.9999974636593981,0.00025363406018774626,29.20051480795281,30 20 40 25 35 10 15 60 45 50 70 65 55 32 23 27 42 22 80 37
6143,70,0.9999131985621356,0.008680143786443661,65.29169751125357,70 60 65 75 40 55 80 50 45 35 30 72 62 67 68 85 73 63 78 57
13943,30,0.9999980355624847,0.00019644375153227145,28.6616585350327,30 20 25 35 40 15 10 45 32 23 27 22 34 28 37 42 33 38 24 50
1599,10,0.9999997665531076,2.3344689237259075e-05,8.891332288713373,10 5 15 0 20 8 3 7 2 12 4 6 9 25 13 5 18 1 14 11
16600,40,0.9999993089067885,6.910932115467006e-05,36.94351686150784,40 30 50 35 20 25 45 60 55 15 10 65 70 42 37 38 32 43 0 27
17887,70,0.999256164152671,0.07438358473289552,66.05143044271647,70 80 60 50 75 40 85 65 0 30 90 20 35 55 25 45
4456,20,1.0000000025249143,0.0,17.388734181229346,20 10 15 30 25 5 35 40 0 12 23 18 22 17 27 24 21 14 13 32
223,10,0.9999996163146893,3.8368531074528534e-05,12.909464460461718,10 20 15 30 5 0 25 40 35 12 8 2 18 7 5 3 50 13 17 14
15341,20,0.9999996643428873,3.356571126600372e-05,22.68705893821609,20 30 10 25 40 15 35 5 0 23 45 32 12 27 22 24 50 34 28 18
8071,80,0.9997936361243825,0.020636387561745462,72.93483862918022,80 70 60 85 75 50 90 65 40 30 95 35 0 55 45 20 25 72 87
9665,50,0.997661293042057,0.23387069579430264,37.062776428482465,50 30 40 0 20 60 10 25 35 70 15 45 55 65 5
430,30,0.9999748877094154,0.0025112290584550223,28.4541938864838,30 20 40 25 35 15 10 45 50 60 55 70 65 5 32 23 22 27 42 12
19216,60,0.9956605390076817,0.43394609923183003,54.79228066897963,60 50 40 70 30 80 0 65 20 75 35 45 25 55 85 10
16028,40,0.9999956563759977,0.00043436240022565187,43.040509594126476,40 60 30 50 35 45 65 55 70 20 25 75 15 42 37 10 62 80 43 47
5749,30,0.9999984994382584,0.00015005617416408157,30.160183504026154,30 40 20 35 25 15 45 10 32 50 23 27 37 22 34 42 38 28 33 60
2487,20,0.9999990564559602,9.435440397886907e-05,22.494760854042838,20 30 25 15 35 10 40 23 22 27 32 18 28 12 24 17 45 21 34 33
18868,40,0.999929385398231,0.007061460176904788,37.41061262727761,40 30 50 20 60 35 0 25 10 70 45 15 65 55 75 80
5110,60,0.9997681523039532,0.0231847696046783,64.46008534583677,60 70 65 75 40 80 55 45 35 30 72 50 62 85 68 67 73 63 20 42
10536,10,0.9999997439870602,2.560129398476718e-05,12.610666543938034,10 20 15 5 30 25 0 12 35 18 40 8 17 23 13 7 22 14 3 2
808,20,0.999999524881643,4.7511835699065585e-05,20.045054448762404,20 30 10 15 25 40 35 5 0 12 23 45 22 18 27 17 32 24 50 28
9734,50,0.9999966408280614,0.00033591719386105723,48.22705713767999,50 40 30 0 60 20 25 70 35 10 45 65 55 15 75 80 42
7053,40,0.9999997263945236,2.7360547638632937e-05,37.0764028115998,40 30 50 35 20 25 45 60 15 10 55 65 0 70 42 37 32 38 33 43
6700,70,0.9999206086984447,0.007939130155532048,70.24766419335938,70 75 65 80 60 85 40 72 55 35 30 45 50 73 78 68 67 62 90 82
3772,30,0.9999983224580556,0.0001677541944355987,30.352788037990305,30 40 20 25 35 60 70 45 15 50 80 10 65 75 85 55 90 42 32 27
19455,50,0.9980984136170767,0.19015863829232593,27.974343742958723,50 0 30 40 60 20 70 25 10 75 80 35 65 15 45 55 85
18911,30,0.9999999612416809,3.875831910971073e-06,36.056766703279486,30 50 40 20 10 25 0 35 60 15 45 5 70 55 42 33 32 34 65 23
906,5,0.9999999942451916,5.754808407587575e-07,5.683807078435658,5 10 0 3 2 7 8 15 4 1 6 12 20 9 5 13 11 14 18 17
3470,20,0.9999997304305549,2.695694450993713e-05,19.79016932021444,20 15 25 30 10 35 40 5 12 22 18 23 17 27 28 24 32 45 21 14
3941,20,0.9999923780165056,0.0007621983494354723,21.452808773398893,20 30 25 15 10 35 40 23 22 12 18 27 32 17 24 28 45 21 14 13
7185,40,0.9999725596841361,0.0027440315863880294,36.544962818818156,40 30 35 45 50 25 20 60 55 42 37 32 38 43 15 65 34 27 33 47
13319,30,0.9999999038262468,9.617375318349275e-06,30.694602059071297,30 40 20 25 35 50 10 60 15 45 70 55 65 32 5 42 0 37 33 27
3235,60,0.9998161355672982,0.018386443270179686,56.66022117979784,60 40 65 70 50 55 45 35 30 75 62 80 42 25 20 72 52 68 63 67
8818,80,0.9999977691762327,0.0002230823767268575,79.19795839420819,80 70 85 90 75 60 65 95 50 40 87 72 82 92 55 30 78 83 45 73
2954,30,0.999999591224954,4.087750460346484e-05,32.4333884395969,30 40 35 20 25 45 50 15 60 10 55 32 42 37 65 38 27 23 34 70
14983,30,0.999982413282478,0.0017586717521944628,32.04455815148779,30 35 40 25 20 45 15 32 27 23 37 34 42 38 22 28 50 10 33 24
15764,30,0.999999256319894,7.436801060523024e-05,32.978853934825764,30 40 20 35 25 50 45 60 15 10 55 32 42 37 38 65 34 27 33 70
9386,50,0.9999991267384801,8.732615198736582e-05,42.740198984229586,50 30 40 20 0 60 25 10 35 45 15 70 55 65 5 33 42 23
5880,30,0.9999999476159944,5.238400557772138e-06,27.58741869556507,30 20 25 40 35 10 15 45 50 23 27 32 33 22 28 24 34 37 5 38
10295,70,0.9999065618892745,0.009343811072548558,66.3504140998708,70 65 60 75 80 40 30 35 45 55 85 72 50 25 20 68 62 67 73 63
18436,50,0.9996164844037224,0.03835155962775838,55.99829408893978,50 60 70 80 40 75 30 65 85 20 0 35 90 25 45 55 10 95 15
6137,40,0.9999956973220782,0.0004302677921841358,38.87444304133977,40 30 35 60 50 45 65 20 25 55 70 15 75 42 37 10 32 43 38 47
15898,40,0.9999965824238958,0.00034175761042254393,49.41913409724673,40 60 50 30 65 35 70 45 55 20 25 75 80 15 42 62 37 52 67 10
9346,60,0.9999852893314047,0.0014710668595263598,57.73822989933682,60 70 50 40 80 30 75 65 20 35 85 45 0 55 25 90 10 15 72 42
7985,60,0.9987861638625197,0.12138361374802731,53.52573233603919,60 40 65 55 45 35 70 50 30 62 42 63 52 67 47 57 37 43 25 75
191,10,0.9999991982592172,8.017407827631828e-05,9.553645200190624,10 5 20 15 0 25 30 2 3 12 8 7 1 18 13 5 4 17 35 14
12097,30,0.9999996437640434,3.562359566222639e-05,29.92498351463528,30 20 40 25 50 35 60 10 70 15 45 65 80 0 75 55 42 37 27 33
14849,70,0.9996178958951966,0.03821041048034379,66.69071837133774,70 65 60 75 80 72 40 55 68 62 67 45 35 85 73 63 30 50 78 74
18387,30,0.9999959415344648,0.0004058465535194955,32.26205693669487,30 40 20 50 25 10 0 60 35 15 45 70 55 65 5 23 42 12 33
19209,40,0.9999914113656341,0.0008588634365924719,39.56983516010913,40 30 50 60 20 35 25 70 45 0 65 10 15 55 42 75 80 37 32 43
6502,70,0.9999181144373396,0.008188556266042202,73.04311844332838,70 75 80 65 85 60 72 90 73 78 55 82 40 68 67 50 30 45 35 62
1408,10,0.9999998665944737,1.3340552629248492e-05,9.765685243194262,10 5 15 20 0 8 12 7 3 25 2 5 13 18 30 9 14 17 6 4
2383,30,0.9999994599516976,5.400483024109448e-05,33.11803593746554,30 40 20 60 50 25 35 70 45 10 65 80 15 75 55 42 85 32 37 90
2749,30,0.9999984843772987,0.00015156227013424228,30.660944274685765,30 40 20 25 35 15 45 10 50 60 55 32 65 42 70 23 27 22 37 38
6109,40,0.9999505698088901,0.004943019110992264,39.817660486963774,40 30 35 50 45 60 55 25 20 65 70 42 15 37 38 43 32 47 52 10
13228,20,0.9999993248785406,6.75121459403627e-05,23.761048199016233,20 30 25 10 40 15 35 45 50 0 60 5 23 70 22 32 27 12 24 28
13059,30,0.999999784930155,2.1506984504426896e-05,33.62705960970196,30 40 20 60 50 70 35 25 10 45 80 65 75 15 55 85 0 90 42 37
3333,30,0.9999655721957005,0.0034427804299519416,32.14980389406863,30 40 35 20 25 45 50 15 60 42 32 37 10 23 27 38 55 34 22 43
13729,30,0.9999997455353373,2.5446466267453616e-05,34.24362757179433,30 40 35 20 25 60 50 45 70 65 55 15 10 42 37 32 75 38 43 27
12280,30,0.9999999609172643,3.908273571440191e-06,28.58908089010327,30 20 40 25 35 10 50 15 45 60 0 32 5 23 55 42 27 70 33 37
18909,50,0.9999628354037404,0.003716459625957569,40.42617438020788,50 0 80 30 70 20 60 90 40 10 75 100 85 25 95 65 15 35 5 45
4891,20,0.9999999681847273,3.1815272749646795e-06,20.712632469226193,20 30 10 25 15 40 35 5 23 22 27 24 32 12 18 17 28 21 0 45
19034,80,0.9998459584916884,0.015404150831155317,81.61088242071146,80 85 90 70 75 95 60 65 100 50 92 87 82 40 72 83 55 93 78 73
13809,40,0.9999995137349998,4.862650001546953e-05,40.19005352446943,40 30 50 60 20 70 35 25 65 45 80 75 55 10 15 0 85 42 37 90
15539,30,0.9999992508830031,7.491169968787403e-05,27.275405990388556,30 20 25 40 35 15 10 45 50 23 32 27 22 24 33 5 28 34 37 12
10531,10,0.9999847860910672,0.0015213908932776299,14.993220491973501,10 15 20 25 30 5 12 35 18 23 22 17 8 13 40 7 14 0 27 24
14051,30,0.9999405114779271,0.005948852207293687,32.20200343613848,30 35 40 25 20 32 27 45 37 23 38 34 28 15 22 42 33 24 36 31
225,5,0.9999999845087192,1.5491280813684227e-06,7.211049595203676,5 10 0 15 2 3 20 8 7 1 4 12 5 6 9 13 25 11 14 18
15809,30,0.9999990471030603,9.528969396876974e-05,33.361048997201515,30 40 35 20 25 45 50 60 15 32 37 38 55 42 27 34 33 10 23 28
8339,80,0.9987821138394909,0.12178861605091074,72.03833566445327,80 70 50 60 75 85 90 65 40 95 100 30 55 72 87 20 45 35
110,20,0.999998174293131,0.00018257068690186173,17.99649234742023,20 15 10 30 25 5 35 12 40 23 18 22 17 13 24 14 27 21 8 28
10213,10,0.9999999694362856,3.056371444820627e-06,9.627200693175029,10 5 15 20 0 12 8 3 7 2 25 13 30 18 5 6 14 17 4 9
2390,30,0.9999875588943182,0.0012441105681770814,32.243273222209595,30 35 40 25 20 45 32 15 27 42 23 37 38 28 34 22 33 43 36 24
4279,20,0.9999937099642298,0.000629003577024001,21.317961283682013,20 25 30 15 10 35 40 23 12 22 27 32 18 17 5 28 24 21 34 45
1205,30,0.999921341452398,0.00786585476020285,34.70926256286262,30 40 35 25 45 20 50 60 42 32 37 55 15 38 27 23 34 43 65 22
2637,30,0.9999998064894312,1.9351056879113315e-05,34.01083595968912,30 40 35 20 25 60 45 50 70 65 55 15 10 75 42 80 32 37 38 27
6703,40,0.9999944801558996,0.0005519844100354554,37.66087108971246,40 30 35 50 60 45 20 55 25 65 70 42 15 37 38 32 43 47 10 27
3201,30,0.9999999169665336,8.303346643590004e-06,25.798947231707487,30 20 25 40 35 10 15 45 50 23 32 60 5 22 27 28 42 24 37 33
771,10,0.9999999283363544,7.1663645573316614e-06,10.64527047241558,10 20 5 0 15 30 25 40 35 2 12 3 8 7 18 13 17 14 5 23
777,20,0.9999993203289148,6.796710851908472e-05,20.48483806324479,20 30 10 15 25 40 35 5 45 50 22 18 12 23 60 27 17 24 28 32
710,10,0.999999978441025,2.1558975049629225e-06,7.534427124937762,10 5 0 15 2 3 20 7 8 12 1 4 5 6 9 13 14 11 25 17
11430,10,0.9999999838271298,1.617287015420743e-06,7.37157923253545,10 5 0 15 2 3 20 8 7 12 1 4 6 9 13 5 14 25 11 18
13972,30,0.9999997088523415,2.9114765853766045e-05,31.210070195105033,30 40 20 25 35 50 60 10 45 15 70 65 55 42 32 37 27 34 38 23
8114,90,0.9999945542548972,0.0005445745102750088,87.47107590428779,90 80 85 100 95 75 70 60 65 98 99 92 87 97 50 82 93 88 83
9068,80,0.9993866949885103,0.06133050114897065,77.84282722933288,80 70 75 85 90 60 65 50 95 40 100 30 55 87 72 35 45 82
16983,70,0.9999445738848349,0.005542611516506923,70.20314883493837,70 75 65 72 60 80 68 73 67 78 62 74 85 76 63 77 55 82 64 71
9504,50,0.9997700157617492,0.022998423825082437,53.1665386994443,50 70 60 80 30 40 75 20 0 90 85 65 25 10 35 55 95 45
17140,80,0.9999701015954544,0.0029898404545591895,77.06122093241306,80 75 70 85 65 60 90 72 82 78 73 83 87 68 55 40 67 77 76 74
18576,60,0.9999175482455327,0.008245175446730535,63.746270508167335,60 70 80 50 40 75 30 65 85 20 35 90 45 25 55 0 10 95 15 72
9981,50,0.983349146589668,1.6650853410332012,51.83928737678795,50 60 70 40 80 75 0 30 65 55 20 25 85 35 45
8649,80,0.9999977583588452,0.0002241641154809848,78.92368080197683,80 70 85 75 90 60 65 50 95 40 55 72 82 87 30 83 78 100 45 92
18041,80,0.999922047438077,0.007795256192300037,81.2916754798277,80 90 85 70 75 100 95 60 65 50 40 55 30 87 0 92 99 82 45
17848,0,0.9973439737113957,0.2656026288604285,18.16135107656659,0 50 30 40 20 60 10 25 35 70 15 45 65 55 5
6192,40,0.9999951078672592,0.0004892132740796917,44.36584461249068,40 60 50 30 35 45 65 55 70 20 25 75 42 15 52 80 62 43 37 38
1398,10,0.9999999359450765,6.405492347649755e-06,12.609161554719337,10 20 5 30 15 0 25 40 35 12 2 5 3 8 50 7 18 23 17 22
18389,50,0.9997092898181513,0.02907101818486746,51.9947529029892,50 60 40 70 30 20 80 75 65 0 35 25 10 45 55 85 90 15
14566,40,0.9999725435680066,0.0027456431993422292,38.43904983670764,40 30 35 60 45 50 25 65 55 20 70 42 37 38 32 43 47 34 27 48
692,10,0.9999998095641635,1.9043583654454466e-05,7.94057797499491,10 5 15 0 3 2 8 7 20 12 4 6 9 1 13 5 14 11 18 17
6715,30,0.9999995610410832,4.389589167708152e-05,34.71089449526374,30 40 35 20 25 50 45 15 60 55 10 42 37 32 38 27 34 65 43 23
1168,40,0.9999252225049267,0.007477749507334153,38.61586065163402,40 30 35 60 45 50 25 65 55 20 70 42 75 15 38 37 32 43 62 27
16060,70,0.9997861658948513,0.02138341051487469,70.71965166874978,70 75 65 80 60 85 72 73 78 55 68 67 40 62 82 74 50 45 76 63
12542,85,0.9999623175238568,0.003768247614321929,85.9796897058246,85 90 80 95 92 75 87 82 93 70 88 83 86 89 78 84 94 91 72 97
16329,50,0.9999995510567525,4.4894324746636016e-05,42.9827781334633,50 40 30 35 20 25 60 45 55 15 10 65 0 70 42 37 38 33 32 43
8531,0,0.9999990149638253,9.850361747387737e-05,13.461764496947053,0 30 20 40 50 10 25 60 35 15 70 45 5 80 65 75 55 42 85
14996,30,0.9999961732146447,0.0003826785355265372,34.327955447776255,30 40 35 20 25 45 50 60 55 15 32 37 42 65 38 10 27 34 33 70
2757,40,0.9999869795775672,0.0013020422432785672,38.269596150953234,40 30 60 50 35 20 70 45 25 65 55 80 75 15 10 0 42 37 85 32
8885,30,0.9997855603891759,0.02144396108241242,33.67682350462334,30 40 20 50 60 10 25 70 35 0 15 45 65 55 80 75 42 5
15021,30,0.9999959632876284,0.00040367123715912,34.22976171000533,30 40 35 25 45 20 50 60 32 37 42 55 38 15 27 34 33 28 43 23
498,10,1.0000000315789426,0.0,7.937604304767963,10 5 0 15 20 2 3 8 12 7 25 5 1 30 4 6 9 13 18 14
18338,80,0.990502093156249,0.9497906843750958,59.126057701727895,80 0 70 50 60 85 75 90 65 40 95 30 55 45 35 87
11516,10,0.999999965976686,3.4023314054998366e-06,8.57271634830639,10 5 15 20 0 2 3 8 7 12 1 25 4 5 6 13 30 9 18 14
15435,30,0.9999880913311163,0.0011908668883675588,28.099327586589112,30 20 25 40 35 15 10 45 23 50 32 27 22 34 37 24 28 33 38 42
4095,30,0.9999999038934285,9.610657147884893e-06,28.088104162459018,30 20 40 25 35 10 15 50 45 32 23 27 60 22 37 34 33 28 5 42
14126,30,0.9999995056057387,4.943942613078178e-05,32.05059653053184,30 40 20 35 25 50 45 15 60 10 32 37 42 38 27 55 34 23 33 28
19676,40,0.9999999000581583,9.994184169137554e-06,35.03157611653158,40 30 20 50 60 35 25 45 10 70 15 65 55 0 42 32 37 75 80 38
2889,30,0.999999702364873,2.976351269889932e-05,32.925139938299694,30 40 20 35 25 50 60 45 10 15 55 65 70 42 32 37 38 27 23 34
6261,70,0.9999659010535971,0.0034098946402938424,71.71180338605973,70 75 65 80 72 60 73 85 78 68 67 74 82 76 62 77 63 55 83 71
3749,30,0.999998836734661,0.00011632653390547532,32.57708494494073,30 40 35 20 25 60 45 50 15 10 65 55 70 42 32 37 38 27 23 34
12658,30,0.9999935346185851,0.0006465381414910709,33.24731760561261,30 40 35 20 25 45 60 50 15 42 32 55 37 65 10 38 23 27 34 43
7324,60,0.9999426987688776,0.005730123112235308,59.08887060668412,60 70 65 40 35 30 45 55 75 50 80 25 20 62 72 68 67 42 63 85
396,20,0.9999997041317454,2.958682545628477e-05,16.093629752203437,20 10 15 30 25 5 40 35 0 12 18 23 17 22 8 13 7 45 14 5
2998,20,0.9999997628087759,2.37191224106148e-05,22.72132086652644,20 30 10 25 40 15 35 50 5 60 45 70 0 80 23 32 22 27 65 75
16390,70,0.9999614065854886,0.003859341451140086,67.17143598351433,70 65 60 75 80 55 72 40 68 45 62 67 50 73 35 63 85 78 30 74
8187,90,0.9999964803077664,0.0003519692233555638,86.32739280038525,90 80 85 95 75 70 100 60 65 92 87 82 93 83 88 98 97 50 72 78
19771,50,0.9999993658725296,6.341274704224631e-05,50.610842012719026,50 60 70 40 30 20 80 75 0 25 65 35 10 85 45 90 55 15 100 95
17010,60,0.999967145719422,0.0032854280577976347,61.7536755918188,60 70 65 40 75 30 45 50 35 55 80 20 72 25 62 85 67 68 42 63
9790,50,0.9999759249958016,0.002407500419843167,48.413118558966346,50 0 30 40 20 10 25 60 35 15 5 70 45 55
606,10,0.9999998317117713,1.6828822868575344e-05,13.60598228695319,10 15 20 25 5 30 12 18 35 8 17 13 22 14 40 7 0 23 5 16
10570,30,0.9999987209328159,0.00012790671840567924,26.873067945037565,30 20 40 25 10 35 15 45 50 60 70 5 65 55 32 23 27 22 0 42
18744,60,0.9999863036998621,0.0013696300137922002,55.58738249492311,60 40 70 50 30 65 80 75 20 35 45 55 25 0 85 10 15 67 42 72
14948,30,0.9999989560043452,0.00010439956548147222,34.45273397858397,30 40 35 25 45 20 50 60 42 32 37 38 15 55 27 34 28 43 33 23
18813,Cannot answer.,0.5517705429696705,44.82294570303294,47.05495990697919,50 60 40 0 30 70 20 80 25 35 65 75 45 55
3498,30,0.9999708149316137,0.0029185068386339275,30.915455366949836,30 40 20 35 25 60 15 70 45 65 80 50 75 10 85 55 32 90 42 22
5313,40,0.99994276803013,0.005723196986995305,36.2582394603789,40 30 35 45 25 20 50 42 60 38 37 32 55 43 34 27 47 28 33 36
14317,10,0.9999996260195343,3.739804657065804e-05,14.148308345853838,10 20 15 25 5 30 12 18 35 23 22 17 8 13 14 7 21 24 27 16
9300,50,0.8830050019215343,11.69949980784657,49.03262937587446,50 40 60 30 0 70 20 80 35 25 65
5241,20,0.9999999888284217,1.1171578329083331e-06,15.5825995109203,20 10 30 15 25 5 0 40 35 12 23 22 18 17 24 27 45 32 21 13
4866,30,0.9999993149615845,6.850384155487887e-05,27.6737776913152,30 20 25 40 35 15 10 45 32 23 50 27 22 37 28 38 5 34 42 24
12737,35,0.9999292134477807,0.007078655221925967,34.022791820733886,35 30 40 25 45 20 42 32 37 15 27 38 50 23 34 60 55 43 28 22
2155,70,0.9999863005294978,0.0013699470502226418,64.14740683720247,70 60 80 40 30 75 65 50 85 20 35 25 90 45 55 15 10 72 95 67
8406,50,0.9996083341512928,0.03916658487072011,45.85943399704238,50 0 60 70 30 40 80 20 75 25 10 65 90 85 35 45 15
11782,10,0.9999997176036334,2.8239636662430456e-05,10.229600623482606,10 15 5 20 12 0 8 25 7 13 3 18 30 17 14 2 9 6 16 11
8606,50,0.991735084176524,0.8264915823475993,29.371653012296374,50 0 40 60 30 20 10 70 25 35 80 75 65
16739,30,0.999989087603773,0.0010912396226969712,33.71892174612189,30 40 35 25 20 45 50 15 32 42 37 27 60 38 55 23 34 28 22 43
12082,30,0.9999814663330481,0.0018533666951925376,34.26205549514005,30 40 35 20 25 45 50 60 15 42 55 32 37 38 65 27 10 34 23 70
10509,10,0.9999999623282013,3.76717986805275e-06,8.907185746469994,10 5 15 20 3 8 2 0 7 12 5 4 13 6 9 1 14 25 18 11
8955,80,0.9990582691675998,0.09417308324002338,72.64170635545098,80 70 60 50 75 85 90 0 65 40 30 20 95 100 55 25 35 45
18210,95,0.999999823281811,1.7671818897113667e-05,94.75574402085628,95 90 100 85 98 97 92 99 93 80 96 94 87 88 89 91 75 100
6263,40,0.9999964039251328,0.00035960748672181353,37.260517804793885,40 30 35 45 50 25 20 55 60 42 37 15 38 32 43 34 65 27 33 47
19689,50,0.9990838537299871,0.09161462700129075,38.80349082953269,50 40 30 20 60 0 25 35 10 15 70 45 65 55 5 75
4782,20,0.9999977037457215,0.00022962542784998874,20.432231753095444,20 30 10 15 25 35 40 5 12 23 22 18 24 27 17 32 45 28 0 21
1394,10,0.9999994556098328,5.443901671675633e-05,13.271105374739005,10 15 20 25 5 30 12 18 17 13 8 22 14 23 35 7 21 16 19 24
9575,50,0.999999979683431,2.03165689827145e-06,38.5800688894957,50 30 40 0 20 60 25 35 10 45 70 15 65 55 75 5 42 37 33
11357,30,0.9999712928714068,0.002870712859315283,27.754295533859136,30 20 25 35 40 15 10 45 60 23 22 27 32 50 28 18 70 37 24 65
1283,10,0.9999999885229048,1.1477095163137108e-06,9.324284567321927,10 5 15 0 20 2 3 8 7 12 25 4 1 5 6 9 13 30 18 14
